"product_A","product_B","orders_together"
Air Clothing 842,Lite Beauty 630,24
Eco Clothing 969,Eco Sport 817,24
Eco Clothing 969,Prime Home 651,23
Max Home 467,Air Sport 417,23
Classic Clothing 993,Air Beauty 703,22
Eco Home 262,Plus Beauty 317,22
Pro Sport 172,Pro Sport 237,22
Smart Electronic 852,Lite Beauty 630,22
Air Beauty 703,Eco Electronic 569,21
Air Clothing 414,Prime Beauty 422,21
Air Electronic 501,Pro Home 372,21
Eco Clothing 969,Classic Clothing 993,21
Eco Home 262,Eco Electronic 569,21
Eco Home 932,Air Beauty 703,21
Lite Beauty 478,Ultra Home 239,21
Lite Sport 575,Ultra Sport 633,21
Max Beauty 502,Prime Beauty 657,21
Plus Sport 785,Eco Electronic 569,21
Prime Beauty 491,Lite Beauty 630,21
Ultra Clothing 180,Classic Beauty 122,21
Ultra Electronic 178,Classic Beauty 141,21
Ultra Home 239,Prime Home 651,21
Air Beauty 677,Pro Sport 237,20
Air Clothing 414,Air Electronic 501,20
Air Electronic 748,Classic Beauty 574,20
Classic Beauty 574,Smart Sport 551,20
Classic Electronic 376,Classic Beauty 141,20
Classic Electronic 376,Max Beauty 527,20
Classic Electronic 621,Pro Home 787,20
Eco Clothing 969,Ultra Sport 633,20
Eco Home 262,Smart Home 444,20
Eco Sport 817,Classic Beauty 122,20
Lite Clothing 598,Pro Home 680,20
Lite Electronic 676,Classic Beauty 141,20
Max Beauty 563,Air Electronic 748,20
Max Home 467,Classic Beauty 574,20
Pro Beauty 200,Air Beauty 272,20
Pro Beauty 200,Smart Electronic 320,20
Pro Electronic 258,Prime Clothing 431,20
Pro Electronic 258,Pro Sport 929,20
Pro Electronic 689,Prime Clothing 431,20
Pro Home 372,Max Clothing 112,20
Pro Home 680,Eco Sport 817,20
Pro Sport 929,Pro Electronic 648,20
Smart Electronic 852,Air Sport 417,20
Smart Home 444,Max Clothing 112,20
Ultra Electronic 178,Eco Electronic 713,20
Ultra Home 239,Lite Beauty 630,20
Ultra Sport 226,Prime Clothing 431,20
Ultra Sport 633,Max Clothing 112,20
Air Clothing 842,Classic Electronic 756,19
Air Electronic 748,Pro Clothing 375,19
Classic Beauty 141,Prime Clothing 431,19
Classic Beauty 574,Pro Electronic 648,19
Classic Clothing 301,Smart Electronic 320,19
Classic Electronic 376,Classic Beauty 574,19
Lite Beauty 478,Plus Sport 785,19
Lite Clothing 598,Prime Beauty 422,19
Lite Clothing 598,Pro Electronic 258,19
Lite Sport 575,Air Sport 417,19
Max Clothing 324,Air Sport 417,19
Max Sport 863,Classic Electronic 756,19
Plus Beauty 317,Smart Electronic 320,19
Plus Beauty 680,Prime Sport 501,19
Prime Beauty 491,Air Clothing 414,19
Prime Beauty 491,Air Sport 872,19
Prime Beauty 491,Max Clothing 112,19
Prime Beauty 491,Prime Electronic 245,19
Prime Beauty 657,Classic Beauty 141,19
Prime Beauty 657,Max Beauty 527,19
Pro Beauty 133,Air Sport 872,19
Pro Electronic 258,Air Beauty 272,19
Pro Home 680,Smart Electronic 320,19
Smart Electronic 852,Prime Clothing 431,19
Ultra Clothing 180,Plus Sport 785,19
Ultra Electronic 109,Prime Beauty 422,19
Ultra Electronic 178,Max Beauty 502,19
Ultra Electronic 178,Max Clothing 112,19
Ultra Home 239,Eco Electronic 569,19
Ultra Sport 226,Pro Sport 172,19
Air Beauty 677,Pro Electronic 648,18
Air Beauty 677,Ultra Home 239,18
Air Clothing 414,Lite Beauty 630,18
Air Clothing 842,Prime Beauty 657,18
Air Electronic 501,Prime Electronic 245,18
Air Electronic 748,Pro Sport 633,18
Classic Beauty 321,Lite Sport 575,18
Classic Beauty 574,Air Beauty 272,18
Classic Beauty 574,Pro Electronic 258,18
Classic Electronic 376,Pro Beauty 200,18
Classic Electronic 376,Ultra Sport 633,18
Classic Electronic 621,Air Electronic 748,18
Eco Electronic 603,Air Beauty 703,18
Eco Electronic 603,Lite Beauty 630,18
Eco Electronic 713,Prime Clothing 431,18
Eco Sport 817,Smart Electronic 320,18
Eco Sport 817,Smart Home 444,18
Lite Beauty 478,Classic Beauty 574,18
Lite Beauty 478,Pro Sport 929,18
Lite Clothing 598,Classic Clothing 993,18
Lite Clothing 598,Smart Electronic 320,18
Lite Electronic 676,Max Clothing 112,18
Lite Electronic 676,Ultra Home 239,18
Lite Sport 575,Pro Clothing 375,18
Max Beauty 502,Prime Clothing 431,18
Max Beauty 563,Plus Beauty 317,18
Max Clothing 324,Eco Sport 817,18
Max Clothing 324,Prime Electronic 245,18
Max Home 467,Prime Home 651,18
Plus Beauty 317,Max Beauty 527,18
Plus Beauty 317,Prime Beauty 722,18
Plus Electronic 767,Eco Home 262,18
Plus Electronic 767,Pro Electronic 648,18
Prime Beauty 422,Prime Clothing 431,18
Prime Beauty 491,Eco Electronic 569,18
Prime Beauty 657,Eco Home 932,18
Prime Beauty 657,Max Beauty 563,18
Prime Beauty 657,Pro Home 372,18
Prime Beauty 657,Ultra Sport 633,18
Prime Beauty 722,Prime Sport 501,18
Pro Beauty 133,Air Electronic 501,18
Pro Beauty 133,Max Beauty 601,18
Pro Electronic 258,Pro Home 787,18
Pro Electronic 648,Max Clothing 112,18
Pro Electronic 689,Eco Electronic 603,18
Pro Sport 172,Ultra Home 239,18
Pro Sport 376,Eco Electronic 569,18
Smart Electronic 320,Lite Beauty 630,18
Smart Electronic 852,Eco Home 262,18
Smart Electronic 852,Prime Beauty 491,18
Smart Electronic 852,Prime Home 651,18
Smart Electronic 852,Pro Beauty 133,18
Smart Home 444,Prime Sport 501,18
Ultra Clothing 180,Smart Sport 551,18
Ultra Electronic 178,Eco Sport 817,18
Ultra Electronic 178,Max Sport 863,18
Ultra Electronic 178,Plus Beauty 317,18
Ultra Electronic 178,Pro Sport 237,18
Ultra Sport 226,Ultra Electronic 178,18
Air Beauty 272,Pro Clothing 375,17
Air Beauty 677,Lite Sport 575,17
Air Beauty 677,Prime Home 651,17
Air Clothing 414,Classic Electronic 756,17
Air Clothing 414,Plus Sport 785,17
Air Clothing 842,Classic Clothing 301,17
Air Clothing 842,Eco Home 262,17
Air Electronic 501,Pro Sport 633,17
Classic Beauty 141,Air Sport 417,17
Classic Beauty 321,Classic Electronic 756,17
Classic Beauty 321,Eco Electronic 713,17
Classic Beauty 321,Pro Home 372,17
Classic Clothing 301,Max Clothing 112,17
Classic Clothing 993,Eco Home 932,17
Classic Electronic 376,Plus Electronic 767,17
Classic Electronic 376,Pro Home 372,17
Classic Electronic 376,Smart Home 444,17
Classic Electronic 621,Prime Electronic 245,17
Eco Clothing 969,Air Beauty 703,17
Eco Electronic 603,Max Clothing 112,17
Eco Electronic 713,Air Beauty 677,17
Eco Electronic 713,Plus Electronic 589,17
Eco Home 262,Max Clothing 324,17
Eco Home 262,Plus Electronic 589,17
Eco Home 262,Pro Electronic 689,17
Eco Sport 817,Classic Beauty 574,17
Lite Beauty 478,Air Electronic 501,17
Lite Beauty 478,Prime Beauty 422,17
Lite Beauty 478,Prime Sport 501,17
Lite Beauty 478,Pro Electronic 648,17
Lite Beauty 478,Pro Sport 237,17
Lite Beauty 630,Pro Sport 633,17
Lite Clothing 598,Max Beauty 601,17
Lite Clothing 598,Prime Beauty 657,17
Lite Clothing 598,Prime Beauty 722,17
Lite Clothing 598,Pro Beauty 133,17
Lite Clothing 598,Pro Home 372,17
Lite Electronic 676,Prime Beauty 422,17
Lite Sport 575,Max Clothing 112,17
Max Beauty 502,Plus Electronic 767,17
Max Beauty 563,Air Sport 417,17
Max Beauty 601,Air Clothing 414,17
Max Clothing 324,Eco Electronic 569,17
Max Clothing 324,Eco Electronic 603,17
Max Clothing 324,Max Clothing 112,17
Max Clothing 324,Pro Sport 929,17
Max Clothing 324,Smart Home 444,17
Max Home 467,Smart Electronic 320,17
Max Home 467,Ultra Sport 633,17
Plus Beauty 317,Max Clothing 112,17
Plus Beauty 317,Prime Electronic 245,17
Plus Beauty 317,Pro Sport 633,17
Plus Beauty 680,Eco Home 262,17
Plus Beauty 680,Ultra Home 239,17
Plus Electronic 767,Classic Clothing 301,17
Plus Electronic 767,Prime Clothing 431,17
Plus Electronic 767,Ultra Electronic 109,17
Plus Sport 785,Pro Sport 633,17
Prime Beauty 422,Prime Home 651,17
Prime Beauty 491,Air Beauty 272,17
Prime Beauty 491,Classic Beauty 574,17
Prime Beauty 657,Eco Electronic 603,17
Prime Beauty 657,Pro Electronic 648,17
Prime Clothing 431,Air Sport 872,17
Prime Electronic 245,Pro Sport 237,17
Prime Home 651,Air Sport 872,17
Prime Home 651,Prime Clothing 431,17
Prime Home 651,Pro Sport 633,17
Prime Home 651,Ultra Sport 633,17
Pro Beauty 133,Air Beauty 677,17
Pro Beauty 133,Classic Electronic 756,17
Pro Beauty 133,Prime Clothing 431,17
Pro Beauty 200,Air Electronic 748,17
Pro Electronic 258,Eco Electronic 603,17
Pro Electronic 258,Eco Home 932,17
Pro Electronic 648,Smart Electronic 320,17
Pro Electronic 689,Plus Sport 785,17
Pro Home 372,Pro Clothing 375,17
Pro Sport 172,Pro Electronic 648,17
Pro Sport 376,Eco Clothing 969,17
Pro Sport 376,Pro Beauty 200,17
Pro Sport 376,Pro Sport 929,17
Pro Sport 376,Ultra Electronic 109,17
Pro Sport 929,Prime Clothing 431,17
Pro Sport 929,Pro Sport 237,17
Smart Clothing 931,Air Beauty 677,17
Smart Clothing 931,Ultra Home 239,17
Smart Electronic 852,Air Beauty 703,17
Smart Electronic 852,Air Clothing 842,17
Smart Electronic 852,Eco Home 932,17
Smart Electronic 852,Pro Sport 172,17
Smart Sport 551,Prime Beauty 722,17
Ultra Electronic 109,Pro Sport 633,17
Ultra Home 712,Prime Clothing 431,17
Ultra Home 712,Prime Electronic 245,17
Ultra Sport 226,Plus Sport 785,17
Ultra Sport 226,Pro Electronic 258,17
Ultra Sport 226,Smart Sport 551,17
Ultra Sport 226,Ultra Electronic 751,17
Air Clothing 414,Prime Electronic 245,16
Air Clothing 414,Pro Sport 633,16
Air Clothing 414,Smart Home 444,16
Air Clothing 842,Classic Beauty 141,16
Air Clothing 842,Max Clothing 112,16
Air Electronic 501,Smart Electronic 320,16
Air Electronic 501,Smart Sport 551,16
Air Electronic 748,Classic Electronic 756,16
Air Electronic 748,Eco Sport 817,16
Air Electronic 748,Max Beauty 527,16
Air Electronic 748,Pro Home 372,16
Air Sport 872,Air Sport 417,16
Air Sport 872,Pro Sport 237,16
Classic Beauty 122,Pro Sport 633,16
Classic Beauty 321,Air Beauty 677,16
Classic Beauty 321,Max Clothing 112,16
Classic Beauty 574,Pro Clothing 375,16
Classic Beauty 574,Pro Sport 633,16
Classic Clothing 301,Lite Beauty 630,16
Classic Clothing 993,Air Sport 417,16
Classic Clothing 993,Max Beauty 527,16
Classic Electronic 376,Max Beauty 502,16
Classic Electronic 621,Air Beauty 272,16
Classic Electronic 621,Air Sport 417,16
Classic Home 128,Air Electronic 748,16
Classic Home 128,Pro Electronic 648,16
Eco Clothing 969,Lite Electronic 676,16
Eco Clothing 969,Max Beauty 527,16
Eco Electronic 603,Air Beauty 272,16
Eco Electronic 713,Air Electronic 501,16
Eco Electronic 713,Ultra Electronic 751,16
Eco Electronic 713,Ultra Home 712,16
Eco Home 262,Eco Sport 817,16
Eco Home 262,Pro Electronic 648,16
Eco Home 932,Smart Electronic 508,16
Lite Beauty 478,Eco Clothing 969,16
Lite Beauty 478,Eco Home 932,16
Lite Beauty 478,Prime Beauty 657,16
Lite Beauty 478,Prime Beauty 722,16
Lite Beauty 478,Prime Clothing 431,16
Lite Beauty 478,Pro Home 372,16
Lite Beauty 478,Smart Clothing 931,16
Lite Clothing 598,Eco Home 262,16
Lite Clothing 598,Max Home 467,16
Lite Electronic 676,Classic Clothing 301,16
Lite Electronic 676,Eco Sport 817,16
Lite Electronic 676,Max Home 467,16
Lite Sport 575,Classic Electronic 756,16
Lite Sport 575,Prime Clothing 431,16
Max Beauty 502,Max Clothing 112,16
Max Beauty 527,Pro Sport 237,16
Max Beauty 563,Air Beauty 703,16
Max Beauty 601,Air Sport 872,16
Max Beauty 601,Classic Beauty 141,16
Max Beauty 601,Prime Home 651,16
Max Clothing 324,Air Clothing 414,16
Max Clothing 324,Classic Beauty 122,16
Max Clothing 324,Classic Clothing 993,16
Max Clothing 324,Pro Home 372,16
Max Home 467,Prime Beauty 722,16
Max Sport 863,Air Electronic 748,16
Max Sport 863,Lite Sport 575,16
Max Sport 863,Prime Clothing 431,16
Max Sport 863,Pro Sport 929,16
Plus Beauty 317,Classic Beauty 141,16
Plus Beauty 317,Pro Home 372,16
Plus Beauty 317,Ultra Sport 633,16
Plus Electronic 767,Classic Beauty 122,16
Plus Sport 785,Max Clothing 112,16
Plus Sport 785,Prime Home 651,16
Prime Beauty 422,Prime Beauty 722,16
Prime Beauty 422,Pro Clothing 375,16
Prime Beauty 491,Prime Beauty 422,16
Prime Beauty 491,Smart Electronic 508,16
Prime Beauty 657,Eco Electronic 569,16
Prime Beauty 657,Max Home 467,16
Prime Beauty 657,Pro Electronic 258,16
Prime Beauty 657,Smart Electronic 320,16
Prime Beauty 657,Smart Electronic 508,16
Prime Beauty 657,Ultra Home 239,16
Prime Beauty 722,Max Beauty 527,16
Prime Clothing 431,Pro Clothing 375,16
Prime Home 651,Eco Electronic 569,16
Pro Beauty 200,Air Sport 417,16
Pro Beauty 200,Classic Clothing 301,16
Pro Beauty 200,Eco Clothing 969,16
Pro Beauty 200,Eco Electronic 569,16
Pro Beauty 200,Pro Home 680,16
Pro Electronic 258,Max Beauty 527,16
Pro Electronic 258,Plus Electronic 589,16
Pro Electronic 258,Prime Sport 501,16
Pro Electronic 258,Ultra Home 239,16
Pro Electronic 258,Ultra Home 712,16
Pro Electronic 648,Air Sport 417,16
Pro Electronic 648,Pro Home 372,16
Pro Electronic 689,Eco Electronic 569,16
Pro Electronic 689,Pro Sport 237,16
Pro Home 372,Classic Beauty 122,16
Pro Home 372,Prime Beauty 722,16
Pro Home 372,Pro Home 787,16
Pro Home 680,Ultra Electronic 751,16
Pro Sport 376,Pro Sport 237,16
Pro Sport 929,Prime Beauty 422,16
Smart Clothing 931,Air Clothing 414,16
Smart Clothing 931,Eco Electronic 713,16
Smart Clothing 931,Smart Electronic 320,16
Smart Electronic 852,Classic Electronic 621,16
Smart Electronic 852,Eco Electronic 713,16
Smart Electronic 852,Max Home 467,16
Smart Electronic 852,Prime Beauty 657,16
Smart Electronic 852,Pro Electronic 648,16
Smart Electronic 852,Pro Home 787,16
Smart Home 444,Max Beauty 527,16
Smart Sport 551,Air Beauty 703,16
Ultra Clothing 180,Air Beauty 703,16
Ultra Electronic 109,Eco Electronic 569,16
Ultra Electronic 178,Classic Electronic 376,16
Ultra Electronic 178,Lite Clothing 598,16
Ultra Electronic 178,Max Clothing 324,16
Ultra Electronic 178,Plus Electronic 589,16
Ultra Electronic 178,Ultra Home 239,16
Ultra Home 239,Classic Clothing 301,16
Ultra Sport 226,Air Electronic 501,16
Ultra Sport 226,Air Electronic 748,16
Ultra Sport 226,Lite Sport 575,16
Ultra Sport 226,Pro Home 787,16
Ultra Sport 226,Pro Sport 929,16
Ultra Sport 226,Ultra Home 239,16
Ultra Sport 633,Prime Beauty 722,16
Air Beauty 677,Pro Clothing 375,15
Air Beauty 677,Smart Electronic 320,15
Air Beauty 677,Smart Sport 551,15
Air Beauty 677,Ultra Sport 633,15
Air Clothing 414,Air Beauty 272,15
Air Clothing 414,Max Beauty 527,15
Air Clothing 842,Air Electronic 748,15
Air Clothing 842,Eco Electronic 569,15
Air Clothing 842,Max Beauty 527,15
Air Clothing 842,Pro Home 680,15
Air Clothing 842,Smart Electronic 320,15
Air Clothing 842,Ultra Sport 633,15
Air Electronic 501,Plus Electronic 589,15
Air Electronic 501,Pro Electronic 689,15
Air Electronic 748,Classic Beauty 141,15
Air Electronic 748,Plus Beauty 317,15
Air Electronic 748,Plus Electronic 589,15
Air Sport 417,Pro Clothing 375,15
Air Sport 872,Classic Beauty 122,15
Air Sport 872,Pro Sport 633,15
Classic Beauty 122,Smart Electronic 508,15
Classic Beauty 141,Eco Electronic 569,15
Classic Beauty 141,Pro Home 372,15
Classic Beauty 141,Smart Electronic 320,15
Classic Beauty 321,Air Beauty 272,15
Classic Beauty 321,Air Beauty 703,15
Classic Beauty 321,Eco Clothing 969,15
Classic Beauty 321,Eco Electronic 603,15
Classic Beauty 321,Smart Electronic 320,15
Classic Clothing 301,Classic Beauty 122,15
Classic Clothing 301,Prime Electronic 245,15
Classic Clothing 993,Smart Electronic 508,15
Classic Electronic 376,Eco Home 932,15
Classic Electronic 376,Prime Home 651,15
Classic Electronic 621,Classic Electronic 376,15
Classic Electronic 621,Lite Clothing 598,15
Classic Electronic 621,Pro Electronic 689,15
Classic Electronic 621,Pro Sport 237,15
Classic Electronic 621,Pro Sport 929,15
Classic Electronic 621,Ultra Sport 633,15
Classic Home 128,Lite Sport 575,15
Classic Home 128,Pro Home 372,15
Classic Home 128,Smart Electronic 320,15
Eco Clothing 969,Max Clothing 112,15
Eco Clothing 969,Prime Beauty 722,15
Eco Clothing 969,Pro Clothing 375,15
Eco Electronic 603,Classic Electronic 756,15
Eco Electronic 713,Air Beauty 703,15
Eco Electronic 713,Air Clothing 414,15
Eco Electronic 713,Pro Electronic 258,15
Eco Electronic 713,Pro Electronic 648,15
Eco Electronic 713,Smart Sport 551,15
Eco Home 262,Air Sport 872,15
Eco Home 262,Classic Clothing 301,15
Eco Home 262,Lite Electronic 676,15
Eco Home 262,Max Clothing 112,15
Eco Home 262,Prime Clothing 431,15
Eco Home 262,Smart Electronic 508,15
Eco Home 932,Air Sport 872,15
Eco Home 932,Prime Clothing 431,15
Eco Home 932,Pro Sport 633,15
Eco Home 932,Smart Sport 551,15
Eco Sport 817,Eco Electronic 603,15
Eco Sport 817,Plus Sport 785,15
Eco Sport 817,Pro Sport 929,15
Eco Sport 817,Smart Sport 551,15
Lite Beauty 478,Classic Clothing 301,15
Lite Beauty 478,Pro Home 680,15
Lite Beauty 478,Ultra Electronic 751,15
Lite Clothing 598,Prime Electronic 245,15
Lite Clothing 598,Prime Home 651,15
Lite Clothing 598,Smart Electronic 508,15
Lite Electronic 676,Air Electronic 501,15
Lite Electronic 676,Prime Beauty 722,15
Lite Electronic 676,Pro Sport 633,15
Lite Sport 575,Pro Sport 633,15
Max Beauty 502,Classic Beauty 141,15
Max Beauty 502,Max Sport 863,15
Max Beauty 502,Pro Clothing 375,15
Max Beauty 502,Pro Home 787,15
Max Beauty 502,Smart Electronic 508,15
Max Beauty 502,Smart Home 444,15
Max Beauty 563,Air Sport 872,15
Max Beauty 563,Eco Electronic 603,15
Max Beauty 563,Eco Home 932,15
Max Beauty 563,Pro Home 787,15
Max Beauty 601,Max Clothing 112,15
Max Beauty 601,Pro Home 680,15
Max Clothing 324,Classic Beauty 141,15
Max Home 467,Air Sport 872,15
Max Home 467,Eco Electronic 569,15
Max Home 467,Pro Clothing 375,15
Max Home 467,Smart Electronic 508,15
Max Home 467,Ultra Electronic 109,15
Max Home 467,Ultra Home 239,15
Plus Beauty 317,Air Electronic 501,15
Plus Beauty 317,Classic Clothing 301,15
Plus Beauty 317,Max Home 467,15
Plus Beauty 317,Pro Electronic 648,15
Plus Beauty 317,Ultra Home 712,15
Plus Beauty 680,Max Beauty 527,15
Plus Beauty 680,Max Home 467,15
Plus Beauty 680,Plus Electronic 767,15
Plus Electronic 589,Pro Sport 237,15
Plus Electronic 589,Ultra Sport 633,15
Plus Electronic 767,Pro Clothing 375,15
Plus Electronic 767,Pro Sport 633,15
Plus Electronic 767,Smart Home 444,15
Plus Electronic 767,Ultra Electronic 751,15
Prime Beauty 422,Air Sport 872,15
Prime Beauty 422,Eco Home 932,15
Prime Beauty 491,Air Electronic 748,15
Prime Beauty 491,Classic Beauty 141,15
Prime Beauty 491,Classic Clothing 301,15
Prime Beauty 491,Eco Home 932,15
Prime Beauty 491,Max Beauty 527,15
Prime Beauty 491,Max Beauty 563,15
Prime Beauty 491,Plus Sport 785,15
Prime Beauty 491,Prime Home 651,15
Prime Beauty 491,Pro Beauty 133,15
Prime Beauty 491,Pro Home 372,15
Prime Beauty 657,Air Clothing 414,15
Prime Beauty 657,Max Clothing 324,15
Prime Clothing 431,Prime Beauty 722,15
Prime Electronic 245,Smart Electronic 508,15
Prime Electronic 245,Ultra Sport 633,15
Pro Beauty 133,Pro Sport 237,15
Pro Beauty 133,Pro Sport 633,15
Pro Beauty 133,Pro Sport 929,15
Pro Beauty 200,Max Home 467,15
Pro Beauty 200,Pro Home 372,15
Pro Beauty 200,Ultra Sport 633,15
Pro Clothing 375,Pro Sport 633,15
Pro Electronic 258,Prime Electronic 245,15
Pro Electronic 648,Classic Beauty 141,15
Pro Electronic 648,Eco Home 932,15
Pro Electronic 648,Ultra Sport 633,15
Pro Home 372,Air Sport 417,15
Pro Home 372,Lite Beauty 630,15
Pro Home 372,Ultra Sport 633,15
Pro Home 680,Classic Home 128,15
Pro Home 680,Plus Beauty 317,15
Pro Sport 172,Classic Beauty 574,15
Pro Sport 376,Air Beauty 703,15
Pro Sport 376,Air Sport 872,15
Pro Sport 376,Classic Clothing 301,15
Pro Sport 376,Prime Beauty 657,15
Pro Sport 376,Prime Sport 501,15
Pro Sport 376,Pro Electronic 258,15
Pro Sport 376,Smart Electronic 320,15
Pro Sport 376,Smart Electronic 508,15
Pro Sport 929,Air Sport 417,15
Pro Sport 929,Prime Home 651,15
Smart Clothing 931,Air Sport 872,15
Smart Electronic 320,Classic Beauty 122,15
Smart Electronic 320,Eco Electronic 569,15
Smart Electronic 320,Prime Beauty 722,15
Smart Electronic 320,Prime Home 651,15
Smart Electronic 320,Pro Home 372,15
Smart Electronic 852,Air Sport 872,15
Smart Electronic 852,Lite Beauty 478,15
Smart Electronic 852,Pro Sport 633,15
Smart Home 444,Air Beauty 272,15
Smart Home 444,Classic Electronic 756,15
Smart Sport 551,Eco Electronic 569,15
Ultra Clothing 180,Eco Clothing 969,15
Ultra Clothing 180,Prime Electronic 245,15
Ultra Clothing 180,Prime Sport 501,15
Ultra Clothing 180,Ultra Electronic 751,15
Ultra Clothing 180,Ultra Home 239,15
Ultra Electronic 109,Air Sport 872,15
Ultra Electronic 109,Classic Electronic 756,15
Ultra Electronic 178,Air Sport 872,15
Ultra Electronic 178,Lite Electronic 676,15
Ultra Electronic 178,Max Home 467,15
Ultra Electronic 178,Prime Beauty 422,15
Ultra Electronic 178,Pro Electronic 258,15
Ultra Electronic 178,Pro Electronic 689,15
Ultra Electronic 178,Smart Sport 551,15
Ultra Electronic 751,Prime Clothing 431,15
Ultra Home 239,Eco Home 932,15
Ultra Home 239,Pro Sport 237,15
Ultra Home 712,Air Beauty 703,15
Ultra Home 712,Classic Beauty 141,15
Ultra Home 712,Eco Electronic 569,15
Ultra Home 712,Prime Beauty 722,15
Ultra Sport 226,Air Sport 417,15
Ultra Sport 226,Classic Clothing 993,15
Ultra Sport 226,Eco Electronic 713,15
Ultra Sport 226,Lite Clothing 598,15
Ultra Sport 226,Plus Beauty 317,15
Ultra Sport 226,Plus Electronic 589,15
Ultra Sport 226,Plus Electronic 767,15
Ultra Sport 226,Prime Beauty 722,15
Ultra Sport 226,Smart Electronic 320,15
Air Beauty 272,Air Beauty 703,14
Air Beauty 272,Pro Home 787,14
Air Beauty 272,Pro Sport 633,14
Air Beauty 677,Air Beauty 272,14
Air Beauty 677,Air Clothing 414,14
Air Beauty 677,Plus Sport 785,14
Air Beauty 677,Prime Beauty 422,14
Air Beauty 677,Pro Home 372,14
Air Beauty 677,Pro Home 680,14
Air Beauty 677,Smart Electronic 508,14
Air Beauty 703,Max Clothing 112,14
Air Beauty 703,Pro Sport 237,14
Air Clothing 414,Classic Beauty 141,14
Air Clothing 414,Prime Clothing 431,14
Air Clothing 414,Pro Clothing 375,14
Air Clothing 414,Pro Electronic 648,14
Air Clothing 842,Air Beauty 677,14
Air Clothing 842,Lite Sport 575,14
Air Clothing 842,Max Beauty 502,14
Air Clothing 842,Max Home 467,14
Air Clothing 842,Pro Sport 237,14
Air Clothing 842,Ultra Electronic 109,14
Air Electronic 501,Lite Beauty 630,14
Air Electronic 501,Max Clothing 112,14
Air Electronic 501,Pro Electronic 648,14
Air Electronic 501,Ultra Home 239,14
Air Electronic 748,Air Beauty 703,14
Air Electronic 748,Eco Electronic 569,14
Air Electronic 748,Eco Home 932,14
Air Electronic 748,Prime Sport 501,14
Air Electronic 748,Pro Sport 237,14
Air Electronic 748,Smart Sport 551,14
Air Sport 872,Air Beauty 703,14
Classic Beauty 141,Prime Electronic 245,14
Classic Beauty 141,Prime Sport 501,14
Classic Beauty 574,Prime Clothing 431,14
Classic Clothing 301,Eco Home 932,14
Classic Clothing 993,Prime Beauty 422,14
Classic Clothing 993,Prime Beauty 722,14
Classic Clothing 993,Pro Electronic 648,14
Classic Clothing 993,Pro Sport 237,14
Classic Electronic 376,Eco Electronic 713,14
Classic Electronic 376,Lite Clothing 598,14
Classic Electronic 376,Max Home 467,14
Classic Electronic 376,Pro Electronic 689,14
Classic Electronic 376,Pro Sport 376,14
Classic Electronic 376,Smart Electronic 320,14
Classic Electronic 621,Air Beauty 703,14
Classic Electronic 621,Lite Beauty 478,14
Classic Electronic 621,Prime Home 651,14
Classic Electronic 621,Pro Beauty 133,14
Classic Electronic 621,Smart Sport 551,14
Classic Electronic 756,Plus Electronic 589,14
Classic Electronic 756,Prime Clothing 431,14
Classic Electronic 756,Smart Electronic 508,14
Classic Home 128,Eco Home 932,14
Classic Home 128,Max Home 467,14
Classic Home 128,Pro Sport 929,14
Classic Home 128,Smart Electronic 508,14
Classic Home 128,Ultra Electronic 751,14
Eco Clothing 969,Eco Electronic 569,14
Eco Clothing 969,Lite Sport 575,14
Eco Clothing 969,Smart Electronic 320,14
Eco Electronic 569,Pro Home 787,14
Eco Electronic 713,Lite Beauty 630,14
Eco Electronic 713,Max Home 467,14
Eco Electronic 713,Pro Electronic 689,14
Eco Electronic 713,Smart Electronic 508,14
Eco Electronic 713,Ultra Home 239,14
Eco Home 262,Max Home 467,14
Eco Home 262,Pro Sport 633,14
Eco Sport 817,Max Home 467,14
Eco Sport 817,Pro Sport 172,14
Eco Sport 817,Ultra Electronic 109,14
Lite Beauty 478,Air Electronic 748,14
Lite Beauty 478,Air Sport 417,14
Lite Beauty 478,Classic Beauty 321,14
Lite Beauty 478,Max Beauty 527,14
Lite Beauty 478,Plus Electronic 589,14
Lite Beauty 478,Prime Home 651,14
Lite Beauty 478,Ultra Home 712,14
Lite Clothing 598,Classic Beauty 122,14
Lite Clothing 598,Classic Beauty 141,14
Lite Clothing 598,Classic Home 128,14
Lite Clothing 598,Eco Home 932,14
Lite Clothing 598,Pro Home 787,14
Lite Clothing 598,Smart Home 444,14
Lite Electronic 676,Air Sport 872,14
Lite Electronic 676,Max Beauty 527,14
Lite Electronic 676,Prime Home 651,14
Lite Electronic 676,Pro Clothing 375,14
Lite Electronic 676,Pro Sport 172,14
Lite Sport 575,Air Beauty 272,14
Lite Sport 575,Prime Beauty 422,14
Lite Sport 575,Smart Home 444,14
Max Beauty 502,Max Clothing 324,14
Max Beauty 502,Prime Beauty 722,14
Max Beauty 502,Pro Beauty 200,14
Max Beauty 502,Ultra Home 239,14
Max Beauty 563,Classic Beauty 574,14
Max Beauty 563,Classic Clothing 993,14
Max Beauty 563,Eco Electronic 569,14
Max Beauty 563,Max Beauty 601,14
Max Beauty 563,Pro Clothing 375,14
Max Beauty 563,Pro Home 372,14
Max Beauty 563,Pro Home 680,14
Max Beauty 563,Pro Sport 929,14
Max Beauty 601,Air Beauty 703,14
Max Beauty 601,Eco Clothing 969,14
Max Beauty 601,Plus Sport 785,14
Max Beauty 601,Prime Sport 501,14
Max Beauty 601,Pro Sport 237,14
Max Beauty 601,Smart Home 444,14
Max Clothing 324,Air Beauty 703,14
Max Clothing 324,Air Sport 872,14
Max Clothing 324,Prime Beauty 722,14
Max Clothing 324,Pro Clothing 375,14
Max Clothing 324,Pro Electronic 648,14
Max Clothing 324,Smart Electronic 320,14
Max Clothing 324,Smart Electronic 508,14
Max Clothing 324,Ultra Home 712,14
Max Home 467,Lite Beauty 630,14
Max Home 467,Plus Electronic 589,14
Max Home 467,Prime Beauty 422,14
Max Home 467,Pro Electronic 648,14
Max Home 467,Pro Sport 633,14
Max Sport 863,Air Sport 417,14
Max Sport 863,Plus Beauty 317,14
Max Sport 863,Plus Sport 785,14
Max Sport 863,Prime Beauty 422,14
Max Sport 863,Pro Electronic 258,14
Max Sport 863,Ultra Home 239,14
Plus Beauty 317,Air Sport 872,14
Plus Beauty 317,Prime Beauty 422,14
Plus Beauty 317,Prime Clothing 431,14
Plus Beauty 680,Eco Home 932,14
Plus Beauty 680,Pro Beauty 133,14
Plus Beauty 680,Pro Clothing 375,14
Plus Beauty 680,Pro Sport 633,14
Plus Beauty 680,Pro Sport 929,14
Plus Electronic 589,Lite Beauty 630,14
Plus Electronic 767,Air Electronic 748,14
Plus Electronic 767,Classic Electronic 756,14
Plus Electronic 767,Pro Sport 929,14
Plus Electronic 767,Ultra Home 239,14
Plus Sport 785,Plus Electronic 589,14
Plus Sport 785,Pro Clothing 375,14
Plus Sport 785,Smart Electronic 508,14
Prime Beauty 422,Classic Beauty 122,14
Prime Beauty 422,Plus Sport 785,14
Prime Beauty 422,Smart Sport 551,14
Prime Beauty 491,Air Beauty 703,14
Prime Beauty 491,Prime Clothing 431,14
Prime Beauty 491,Pro Clothing 375,14
Prime Beauty 491,Pro Home 787,14
Prime Beauty 491,Pro Sport 929,14
Prime Beauty 491,Ultra Electronic 109,14
Prime Beauty 657,Air Beauty 677,14
Prime Beauty 657,Classic Beauty 122,14
Prime Beauty 657,Classic Electronic 756,14
Prime Beauty 657,Eco Home 262,14
Prime Beauty 657,Pro Clothing 375,14
Prime Clothing 431,Air Sport 417,14
Prime Clothing 431,Lite Beauty 630,14
Prime Clothing 431,Max Clothing 112,14
Prime Electronic 245,Air Beauty 272,14
Prime Home 651,Air Beauty 703,14
Pro Beauty 133,Air Beauty 703,14
Pro Beauty 133,Plus Sport 785,14
Pro Beauty 200,Air Electronic 501,14
Pro Beauty 200,Classic Home 128,14
Pro Beauty 200,Eco Home 262,14
Pro Beauty 200,Lite Clothing 598,14
Pro Beauty 200,Lite Electronic 676,14
Pro Beauty 200,Prime Beauty 657,14
Pro Beauty 200,Pro Clothing 375,14
Pro Beauty 200,Pro Electronic 689,14
Pro Beauty 200,Ultra Electronic 751,14
Pro Electronic 258,Classic Beauty 141,14
Pro Electronic 258,Ultra Sport 633,14
Pro Electronic 648,Eco Electronic 569,14
Pro Electronic 648,Prime Clothing 431,14
Pro Electronic 648,Pro Home 787,14
Pro Electronic 648,Pro Sport 633,14
Pro Electronic 689,Pro Sport 929,14
Pro Home 372,Air Beauty 272,14
Pro Home 372,Pro Sport 237,14
Pro Home 372,Pro Sport 633,14
Pro Home 680,Air Electronic 501,14
Pro Home 680,Classic Beauty 574,14
Pro Home 680,Classic Clothing 993,14
Pro Home 680,Eco Clothing 969,14
Pro Home 680,Max Clothing 112,14
Pro Home 680,Plus Sport 785,14
Pro Home 680,Prime Beauty 422,14
Pro Home 680,Pro Clothing 375,14
Pro Home 680,Pro Electronic 258,14
Pro Home 680,Pro Sport 237,14
Pro Sport 172,Air Electronic 501,14
Pro Sport 172,Classic Clothing 301,14
Pro Sport 172,Classic Electronic 756,14
Pro Sport 172,Max Home 467,14
Pro Sport 172,Smart Electronic 320,14
Pro Sport 172,Smart Sport 551,14
Pro Sport 376,Air Electronic 501,14
Pro Sport 376,Max Beauty 527,14
Pro Sport 376,Prime Clothing 431,14
Pro Sport 376,Pro Clothing 375,14
Pro Sport 376,Ultra Sport 633,14
Pro Sport 929,Eco Electronic 569,14
Pro Sport 929,Lite Beauty 630,14
Pro Sport 929,Pro Home 787,14
Smart Clothing 931,Max Beauty 601,14
Smart Clothing 931,Max Clothing 324,14
Smart Clothing 931,Prime Beauty 422,14
Smart Clothing 931,Pro Beauty 133,14
Smart Electronic 320,Max Beauty 527,14
Smart Electronic 320,Plus Sport 785,14
Smart Electronic 320,Smart Sport 551,14
Smart Electronic 852,Classic Beauty 141,14
Smart Electronic 852,Lite Clothing 598,14
Smart Electronic 852,Max Beauty 502,14
Smart Electronic 852,Prime Beauty 422,14
Smart Electronic 852,Smart Electronic 508,14
Smart Home 444,Air Sport 872,14
Smart Home 444,Prime Beauty 722,14
Smart Sport 551,Max Beauty 527,14
Ultra Clothing 180,Air Beauty 272,14
Ultra Clothing 180,Air Sport 872,14
Ultra Clothing 180,Classic Beauty 321,14
Ultra Clothing 180,Classic Clothing 993,14
Ultra Clothing 180,Classic Electronic 756,14
Ultra Clothing 180,Eco Home 932,14
Ultra Clothing 180,Lite Beauty 478,14
Ultra Clothing 180,Pro Electronic 258,14
Ultra Clothing 180,Pro Sport 237,14
Ultra Electronic 109,Pro Electronic 648,14
Ultra Electronic 109,Smart Electronic 508,14
Ultra Electronic 178,Air Sport 417,14
Ultra Electronic 178,Classic Clothing 993,14
Ultra Electronic 178,Eco Clothing 969,14
Ultra Electronic 178,Eco Electronic 569,14
Ultra Electronic 178,Pro Home 372,14
Ultra Electronic 751,Prime Beauty 422,14
Ultra Electronic 751,Smart Sport 551,14
Ultra Home 239,Prime Sport 501,14
Ultra Home 239,Pro Sport 633,14
Ultra Home 712,Classic Electronic 756,14
Ultra Home 712,Prime Beauty 422,14
Ultra Home 712,Prime Home 651,14
Ultra Sport 226,Air Beauty 272,14
Ultra Sport 226,Classic Electronic 621,14
Ultra Sport 226,Max Clothing 324,14
Ultra Sport 226,Max Home 467,14
Ultra Sport 226,Max Sport 863,14
Ultra Sport 226,Prime Beauty 422,14
Ultra Sport 226,Prime Electronic 245,14
Ultra Sport 633,Air Sport 872,14
Air Beauty 272,Air Sport 417,13
Air Beauty 677,Air Electronic 748,13
Air Beauty 677,Classic Beauty 574,13
Air Beauty 677,Eco Electronic 569,13
Air Beauty 677,Lite Electronic 676,13
Air Beauty 677,Pro Sport 929,13
Air Clothing 414,Air Beauty 703,13
Air Clothing 414,Air Sport 417,13
Air Clothing 414,Air Sport 872,13
Air Clothing 414,Prime Home 651,13
Air Clothing 414,Pro Home 372,13
Air Clothing 414,Pro Sport 237,13
Air Clothing 414,Ultra Sport 633,13
Air Clothing 842,Air Sport 872,13
Air Clothing 842,Classic Clothing 993,13
Air Clothing 842,Lite Clothing 598,13
Air Clothing 842,Prime Clothing 431,13
Air Clothing 842,Smart Electronic 508,13
Air Clothing 842,Smart Home 444,13
Air Electronic 501,Eco Home 932,13
Air Electronic 501,Prime Home 651,13
Air Electronic 501,Pro Sport 237,13
Air Electronic 501,Smart Electronic 508,13
Air Electronic 501,Ultra Electronic 751,13
Air Electronic 748,Air Sport 417,13
Air Electronic 748,Eco Electronic 603,13
Air Electronic 748,Max Clothing 112,13
Air Electronic 748,Max Home 467,13
Air Electronic 748,Smart Electronic 320,13
Air Sport 417,Pro Sport 633,13
Classic Beauty 141,Pro Home 787,13
Classic Beauty 141,Pro Sport 237,13
Classic Beauty 321,Air Clothing 414,13
Classic Beauty 321,Eco Home 932,13
Classic Beauty 321,Plus Electronic 767,13
Classic Beauty 321,Prime Beauty 722,13
Classic Beauty 321,Prime Home 651,13
Classic Beauty 574,Classic Beauty 122,13
Classic Beauty 574,Eco Electronic 603,13
Classic Beauty 574,Plus Sport 785,13
Classic Beauty 574,Ultra Sport 633,13
Classic Clothing 301,Classic Beauty 141,13
Classic Clothing 301,Pro Electronic 648,13
Classic Clothing 301,Smart Sport 551,13
Classic Clothing 301,Ultra Sport 633,13
Classic Clothing 993,Air Sport 872,13
Classic Clothing 993,Classic Clothing 301,13
Classic Clothing 993,Eco Electronic 569,13
Classic Clothing 993,Plus Sport 785,13
Classic Clothing 993,Prime Clothing 431,13
Classic Clothing 993,Prime Sport 501,13
Classic Clothing 993,Pro Clothing 375,13
Classic Clothing 993,Smart Home 444,13
Classic Clothing 993,Smart Sport 551,13
Classic Clothing 993,Ultra Electronic 751,13
Classic Electronic 376,Lite Sport 575,13
Classic Electronic 376,Max Sport 863,13
Classic Electronic 376,Prime Beauty 722,13
Classic Electronic 376,Pro Clothing 375,13
Classic Electronic 376,Ultra Electronic 751,13
Classic Electronic 621,Air Electronic 501,13
Classic Electronic 621,Classic Electronic 756,13
Classic Electronic 621,Eco Electronic 713,13
Classic Electronic 621,Prime Beauty 657,13
Classic Electronic 621,Ultra Electronic 751,13
Classic Electronic 756,Max Clothing 112,13
Classic Home 128,Classic Clothing 301,13
Classic Home 128,Classic Electronic 756,13
Classic Home 128,Lite Beauty 630,13
Classic Home 128,Plus Sport 785,13
Classic Home 128,Pro Electronic 258,13
Classic Home 128,Ultra Home 239,13
Eco Clothing 969,Classic Beauty 574,13
Eco Clothing 969,Eco Electronic 603,13
Eco Clothing 969,Prime Beauty 422,13
Eco Clothing 969,Pro Electronic 648,13
Eco Clothing 969,Smart Electronic 508,13
Eco Clothing 969,Smart Sport 551,13
Eco Electronic 569,Pro Sport 633,13
Eco Electronic 603,Prime Beauty 422,13
Eco Electronic 713,Air Beauty 272,13
Eco Electronic 713,Classic Beauty 141,13
Eco Electronic 713,Classic Home 128,13
Eco Electronic 713,Eco Electronic 603,13
Eco Electronic 713,Eco Home 262,13
Eco Electronic 713,Max Clothing 112,13
Eco Electronic 713,Max Clothing 324,13
Eco Electronic 713,Plus Sport 785,13
Eco Electronic 713,Prime Beauty 657,13
Eco Electronic 713,Prime Electronic 245,13
Eco Electronic 713,Pro Sport 237,13
Eco Home 262,Air Sport 417,13
Eco Home 262,Classic Beauty 141,13
Eco Home 262,Plus Sport 785,13
Eco Home 262,Pro Clothing 375,13
Eco Home 262,Pro Home 372,13
Eco Home 262,Pro Home 787,13
Eco Home 262,Pro Sport 172,13
Eco Home 262,Ultra Electronic 751,13
Eco Home 262,Ultra Home 239,13
Eco Home 932,Classic Electronic 756,13
Eco Home 932,Eco Electronic 569,13
Eco Home 932,Lite Beauty 630,13
Eco Home 932,Max Beauty 527,13
Eco Home 932,Max Clothing 112,13
Eco Home 932,Plus Sport 785,13
Eco Sport 817,Lite Beauty 630,13
Eco Sport 817,Prime Beauty 422,13
Eco Sport 817,Prime Sport 501,13
Eco Sport 817,Pro Electronic 648,13
Lite Beauty 478,Air Beauty 677,13
Lite Beauty 478,Classic Beauty 141,13
Lite Beauty 478,Lite Sport 575,13
Lite Beauty 478,Max Beauty 601,13
Lite Beauty 478,Pro Clothing 375,13
Lite Beauty 478,Pro Electronic 258,13
Lite Beauty 478,Pro Electronic 689,13
Lite Beauty 478,Pro Sport 376,13
Lite Beauty 478,Ultra Sport 633,13
Lite Beauty 630,Air Beauty 703,13
Lite Clothing 598,Air Sport 417,13
Lite Clothing 598,Classic Beauty 574,13
Lite Clothing 598,Pro Sport 633,13
Lite Clothing 598,Ultra Electronic 751,13
Lite Clothing 598,Ultra Home 712,13
Lite Electronic 676,Air Sport 417,13
Lite Electronic 676,Plus Beauty 317,13
Lite Electronic 676,Plus Sport 785,13
Lite Electronic 676,Pro Home 787,13
Lite Sport 575,Air Beauty 703,13
Lite Sport 575,Eco Home 932,13
Lite Sport 575,Eco Sport 817,13
Lite Sport 575,Lite Beauty 630,13
Lite Sport 575,Max Home 467,13
Lite Sport 575,Pro Electronic 689,13
Lite Sport 575,Pro Sport 929,13
Lite Sport 575,Smart Electronic 320,13
Lite Sport 575,Ultra Home 239,13
Max Beauty 502,Air Electronic 748,13
Max Beauty 502,Lite Beauty 630,13
Max Beauty 502,Lite Electronic 676,13
Max Beauty 502,Plus Electronic 589,13
Max Beauty 502,Prime Sport 501,13
Max Beauty 502,Pro Electronic 689,13
Max Beauty 502,Smart Clothing 931,13
Max Beauty 502,Ultra Sport 633,13
Max Beauty 527,Max Clothing 112,13
Max Beauty 563,Eco Home 262,13
Max Beauty 563,Eco Sport 817,13
Max Beauty 563,Plus Sport 785,13
Max Beauty 563,Pro Electronic 258,13
Max Beauty 563,Pro Sport 237,13
Max Beauty 601,Air Electronic 748,13
Max Beauty 601,Classic Electronic 756,13
Max Beauty 601,Classic Home 128,13
Max Beauty 601,Eco Home 932,13
Max Clothing 324,Classic Clothing 301,13
Max Clothing 324,Max Home 467,13
Max Clothing 324,Plus Sport 785,13
Max Clothing 324,Pro Sport 172,13
Max Clothing 324,Ultra Electronic 109,13
Max Home 467,Air Beauty 272,13
Max Home 467,Air Electronic 501,13
Max Home 467,Classic Clothing 301,13
Max Home 467,Pro Home 372,13
Plus Beauty 317,Air Beauty 272,13
Plus Beauty 317,Classic Beauty 574,13
Plus Beauty 317,Pro Sport 172,13
Plus Beauty 317,Pro Sport 237,13
Plus Beauty 680,Classic Clothing 993,13
Plus Beauty 680,Lite Clothing 598,13
Plus Beauty 680,Prime Beauty 422,13
Plus Beauty 680,Prime Clothing 431,13
Plus Beauty 680,Pro Electronic 258,13
Plus Beauty 680,Pro Sport 237,13
Plus Beauty 680,Smart Sport 551,13
Plus Electronic 767,Lite Electronic 676,13
Plus Electronic 767,Max Beauty 527,13
Plus Electronic 767,Max Beauty 601,13
Plus Electronic 767,Plus Sport 785,13
Plus Electronic 767,Prime Beauty 422,13
Plus Electronic 767,Prime Home 651,13
Plus Electronic 767,Prime Sport 501,13
Plus Electronic 767,Pro Home 372,13
Plus Sport 785,Prime Beauty 722,13
Plus Sport 785,Prime Sport 501,13
Plus Sport 785,Smart Sport 551,13
Prime Beauty 422,Air Beauty 703,13
Prime Beauty 422,Max Beauty 527,13
Prime Beauty 422,Prime Sport 501,13
Prime Beauty 422,Pro Sport 237,13
Prime Beauty 422,Smart Electronic 320,13
Prime Beauty 491,Air Electronic 501,13
Prime Beauty 491,Classic Beauty 122,13
Prime Beauty 491,Classic Electronic 756,13
Prime Beauty 491,Max Beauty 601,13
Prime Beauty 491,Plus Electronic 767,13
Prime Beauty 491,Prime Beauty 722,13
Prime Beauty 657,Classic Clothing 993,13
Prime Beauty 657,Eco Sport 817,13
Prime Beauty 657,Max Sport 863,13
Prime Beauty 657,Plus Beauty 317,13
Prime Beauty 657,Prime Electronic 245,13
Prime Beauty 657,Pro Home 680,13
Prime Beauty 657,Pro Sport 929,13
Prime Beauty 657,Ultra Home 712,13
Prime Beauty 722,Classic Beauty 122,13
Prime Clothing 431,Max Beauty 527,13
Prime Clothing 431,Smart Electronic 508,13
Prime Electronic 245,Air Beauty 703,13
Prime Electronic 245,Air Sport 872,13
Prime Electronic 245,Classic Beauty 122,13
Prime Electronic 245,Eco Home 932,13
Prime Electronic 245,Max Beauty 527,13
Prime Home 651,Classic Beauty 122,13
Prime Sport 501,Pro Clothing 375,13
Pro Beauty 133,Eco Home 932,13
Pro Beauty 133,Pro Home 372,13
Pro Beauty 133,Pro Home 787,13
Pro Beauty 133,Ultra Home 239,13
Pro Beauty 200,Air Beauty 703,13
Pro Beauty 200,Air Sport 872,13
Pro Beauty 200,Max Beauty 563,13
Pro Beauty 200,Max Clothing 324,13
Pro Beauty 200,Prime Beauty 422,13
Pro Beauty 200,Pro Sport 929,13
Pro Beauty 200,Smart Clothing 931,13
Pro Electronic 258,Lite Beauty 630,13
Pro Electronic 258,Prime Beauty 422,13
Pro Electronic 258,Pro Electronic 689,13
Pro Electronic 258,Smart Electronic 320,13
Pro Electronic 258,Smart Home 444,13
Pro Electronic 648,Smart Electronic 508,13
Pro Electronic 648,Smart Sport 551,13
Pro Electronic 689,Classic Clothing 301,13
Pro Electronic 689,Eco Home 932,13
Pro Electronic 689,Max Clothing 112,13
Pro Electronic 689,Plus Electronic 589,13
Pro Electronic 689,Pro Home 372,13
Pro Electronic 689,Pro Home 787,13
Pro Home 372,Air Sport 872,13
Pro Home 372,Smart Electronic 508,13
Pro Home 680,Air Beauty 272,13
Pro Home 680,Air Beauty 703,13
Pro Home 680,Air Sport 417,13
Pro Home 680,Classic Clothing 301,13
Pro Home 680,Max Clothing 324,13
Pro Home 680,Prime Clothing 431,13
Pro Sport 172,Plus Sport 785,13
Pro Sport 172,Prime Beauty 422,13
Pro Sport 172,Prime Home 651,13
Pro Sport 172,Pro Sport 633,13
Pro Sport 376,Air Beauty 677,13
Pro Sport 376,Classic Clothing 993,13
Pro Sport 376,Classic Electronic 756,13
Pro Sport 376,Eco Electronic 713,13
Pro Sport 376,Plus Beauty 317,13
Pro Sport 376,Plus Electronic 589,13
Pro Sport 376,Prime Beauty 722,13
Pro Sport 376,Prime Home 651,13
Pro Sport 376,Ultra Electronic 751,13
Pro Sport 929,Prime Electronic 245,13
Pro Sport 929,Prime Sport 501,13
Pro Sport 929,Pro Home 372,13
Pro Sport 929,Pro Sport 633,13
Pro Sport 929,Ultra Electronic 109,13
Smart Clothing 931,Air Sport 417,13
Smart Clothing 931,Classic Beauty 574,13
Smart Clothing 931,Eco Home 262,13
Smart Clothing 931,Max Beauty 563,13
Smart Clothing 931,Max Home 467,13
Smart Clothing 931,Plus Electronic 589,13
Smart Clothing 931,Plus Sport 785,13
Smart Clothing 931,Prime Electronic 245,13
Smart Clothing 931,Pro Home 372,13
Smart Clothing 931,Smart Home 444,13
Smart Clothing 931,Smart Sport 551,13
Smart Clothing 931,Ultra Sport 633,13
Smart Electronic 320,Eco Home 932,13
Smart Electronic 320,Plus Electronic 589,13
Smart Electronic 320,Prime Electronic 245,13
Smart Electronic 852,Air Beauty 272,13
Smart Electronic 852,Air Electronic 501,13
Smart Electronic 852,Classic Clothing 301,13
Smart Electronic 852,Lite Electronic 676,13
Smart Electronic 852,Plus Electronic 767,13
Smart Electronic 852,Plus Sport 785,13
Smart Electronic 852,Prime Sport 501,13
Smart Electronic 852,Smart Clothing 931,13
Smart Electronic 852,Smart Home 444,13
Smart Electronic 852,Ultra Electronic 751,13
Smart Electronic 852,Ultra Home 712,13
Smart Home 444,Classic Beauty 122,13
Smart Home 444,Lite Beauty 630,13
Smart Home 444,Prime Beauty 422,13
Smart Home 444,Pro Electronic 648,13
Smart Home 444,Ultra Sport 633,13
Smart Sport 551,Lite Beauty 630,13
Smart Sport 551,Prime Clothing 431,13
Ultra Clothing 180,Air Beauty 677,13
Ultra Clothing 180,Plus Beauty 680,13
Ultra Clothing 180,Pro Sport 172,13
Ultra Clothing 180,Smart Electronic 320,13
Ultra Electronic 109,Classic Beauty 122,13
Ultra Electronic 109,Max Beauty 527,13
Ultra Electronic 109,Pro Home 372,13
Ultra Electronic 178,Classic Beauty 574,13
Ultra Electronic 178,Classic Electronic 621,13
Ultra Electronic 178,Eco Electronic 603,13
Ultra Electronic 178,Prime Beauty 722,13
Ultra Electronic 178,Prime Clothing 431,13
Ultra Electronic 178,Prime Home 651,13
Ultra Electronic 178,Pro Beauty 200,13
Ultra Electronic 178,Pro Home 680,13
Ultra Electronic 178,Pro Sport 376,13
Ultra Electronic 178,Ultra Sport 633,13
Ultra Electronic 751,Air Beauty 272,13
Ultra Electronic 751,Air Beauty 703,13
Ultra Home 239,Air Beauty 703,13
Ultra Home 239,Air Sport 417,13
Ultra Home 239,Prime Beauty 422,13
Ultra Home 239,Prime Beauty 722,13
Ultra Home 239,Prime Electronic 245,13
Ultra Home 239,Smart Electronic 320,13
Ultra Home 712,Air Sport 872,13
Ultra Home 712,Eco Home 932,13
Ultra Home 712,Max Beauty 527,13
Ultra Home 712,Pro Electronic 648,13
Ultra Sport 226,Classic Beauty 574,13
Ultra Sport 226,Eco Clothing 969,13
Ultra Sport 226,Eco Home 932,13
Ultra Sport 226,Lite Beauty 630,13
Ultra Sport 226,Max Beauty 527,13
Ultra Sport 226,Plus Beauty 680,13
Ultra Sport 226,Prime Beauty 491,13
Ultra Sport 226,Prime Beauty 657,13
Ultra Sport 226,Prime Sport 501,13
Ultra Sport 226,Pro Beauty 133,13
Ultra Sport 226,Pro Electronic 689,13
Ultra Sport 226,Smart Electronic 508,13
Air Beauty 272,Eco Electronic 569,12
Air Beauty 272,Lite Beauty 630,12
Air Beauty 272,Prime Home 651,12
Air Beauty 272,Smart Sport 551,12
Air Beauty 272,Ultra Sport 633,12
Air Beauty 677,Eco Clothing 969,12
Air Beauty 677,Eco Home 262,12
Air Beauty 677,Lite Beauty 630,12
Air Beauty 677,Pro Sport 633,12
Air Beauty 677,Smart Home 444,12
Air Beauty 703,Air Sport 417,12
Air Beauty 703,Classic Beauty 122,12
Air Beauty 703,Prime Sport 501,12
Air Clothing 414,Plus Electronic 589,12
Air Clothing 414,Smart Electronic 508,12
Air Clothing 414,Smart Sport 551,12
Air Clothing 414,Ultra Electronic 109,12
Air Clothing 414,Ultra Home 239,12
Air Clothing 842,Air Beauty 703,12
Air Clothing 842,Air Electronic 501,12
Air Clothing 842,Classic Beauty 321,12
Air Clothing 842,Classic Electronic 376,12
Air Clothing 842,Eco Electronic 603,12
Air Clothing 842,Lite Beauty 478,12
Air Clothing 842,Ultra Home 712,12
Air Electronic 501,Classic Beauty 141,12
Air Electronic 501,Max Beauty 527,12
Air Electronic 501,Prime Sport 501,12
Air Electronic 501,Pro Clothing 375,12
Air Electronic 501,Ultra Sport 633,12
Air Electronic 748,Air Beauty 272,12
Air Electronic 748,Air Sport 872,12
Air Electronic 748,Lite Sport 575,12
Air Electronic 748,Plus Sport 785,12
Air Electronic 748,Prime Beauty 422,12
Air Electronic 748,Prime Home 651,12
Air Electronic 748,Ultra Electronic 109,12
Air Electronic 748,Ultra Electronic 751,12
Air Sport 417,Pro Sport 237,12
Air Sport 872,Prime Beauty 722,12
Classic Beauty 122,Pro Sport 237,12
Classic Beauty 141,Air Beauty 272,12
Classic Beauty 141,Lite Beauty 630,12
Classic Beauty 141,Plus Sport 785,12
Classic Beauty 141,Ultra Sport 633,12
Classic Beauty 321,Classic Beauty 574,12
Classic Beauty 321,Classic Home 128,12
Classic Beauty 321,Prime Beauty 491,12
Classic Beauty 321,Pro Sport 172,12
Classic Beauty 321,Smart Clothing 931,12
Classic Beauty 321,Smart Electronic 508,12
Classic Beauty 321,Smart Home 444,12
Classic Beauty 321,Smart Sport 551,12
Classic Beauty 574,Classic Beauty 141,12
Classic Beauty 574,Eco Electronic 569,12
Classic Beauty 574,Prime Beauty 422,12
Classic Beauty 574,Pro Electronic 689,12
Classic Beauty 574,Smart Electronic 320,12
Classic Beauty 574,Smart Electronic 508,12
Classic Clothing 301,Plus Sport 785,12
Classic Clothing 301,Smart Electronic 508,12
Classic Clothing 993,Eco Electronic 603,12
Classic Clothing 993,Pro Sport 172,12
Classic Clothing 993,Pro Sport 633,12
Classic Electronic 376,Plus Beauty 680,12
Classic Electronic 376,Plus Sport 785,12
Classic Electronic 376,Prime Electronic 245,12
Classic Electronic 376,Pro Electronic 258,12
Classic Electronic 621,Classic Clothing 993,12
Classic Electronic 621,Eco Electronic 603,12
Classic Electronic 621,Eco Home 932,12
Classic Electronic 621,Lite Beauty 630,12
Classic Electronic 621,Pro Sport 376,12
Classic Electronic 621,Pro Sport 633,12
Classic Electronic 621,Smart Electronic 320,12
Classic Electronic 621,Smart Home 444,12
Classic Electronic 756,Pro Home 787,12
Classic Home 128,Eco Electronic 569,12
Classic Home 128,Plus Electronic 589,12
Classic Home 128,Prime Sport 501,12
Classic Home 128,Pro Clothing 375,12
Classic Home 128,Pro Sport 172,12
Eco Clothing 969,Air Electronic 501,12
Eco Clothing 969,Air Sport 417,12
Eco Clothing 969,Classic Clothing 301,12
Eco Clothing 969,Lite Beauty 630,12
Eco Clothing 969,Max Home 467,12
Eco Clothing 969,Plus Beauty 317,12
Eco Clothing 969,Prime Electronic 245,12
Eco Electronic 569,Max Clothing 112,12
Eco Electronic 603,Classic Beauty 141,12
Eco Electronic 603,Pro Home 372,12
Eco Electronic 603,Pro Home 787,12
Eco Electronic 603,Smart Sport 551,12
Eco Electronic 713,Eco Clothing 969,12
Eco Electronic 713,Lite Electronic 676,12
Eco Electronic 713,Prime Beauty 722,12
Eco Electronic 713,Prime Home 651,12
Eco Electronic 713,Prime Sport 501,12
Eco Electronic 713,Smart Home 444,12
Eco Home 262,Classic Beauty 122,12
Eco Home 262,Classic Home 128,12
Eco Home 262,Eco Home 932,12
Eco Home 262,Max Beauty 527,12
Eco Home 262,Prime Home 651,12
Eco Home 932,Pro Sport 237,12
Eco Sport 817,Air Sport 417,12
Eco Sport 817,Max Beauty 527,12
Eco Sport 817,Max Clothing 112,12
Eco Sport 817,Pro Electronic 689,12
Eco Sport 817,Ultra Sport 633,12
Lite Beauty 478,Air Beauty 272,12
Lite Beauty 478,Eco Electronic 569,12
Lite Beauty 478,Eco Electronic 603,12
Lite Beauty 478,Max Beauty 563,12
Lite Beauty 478,Max Clothing 324,12
Lite Beauty 478,Max Sport 863,12
Lite Beauty 478,Pro Sport 172,12
Lite Beauty 478,Smart Electronic 320,12
Lite Beauty 630,Prime Sport 501,12
Lite Beauty 630,Pro Clothing 375,12
Lite Beauty 630,Pro Sport 237,12
Lite Clothing 598,Air Electronic 501,12
Lite Clothing 598,Classic Electronic 756,12
Lite Clothing 598,Eco Clothing 969,12
Lite Clothing 598,Lite Beauty 630,12
Lite Clothing 598,Lite Electronic 676,12
Lite Clothing 598,Max Clothing 112,12
Lite Clothing 598,Prime Beauty 491,12
Lite Clothing 598,Ultra Home 239,12
Lite Electronic 676,Air Beauty 272,12
Lite Electronic 676,Air Electronic 748,12
Lite Electronic 676,Eco Electronic 603,12
Lite Electronic 676,Lite Sport 575,12
Lite Electronic 676,Prime Clothing 431,12
Lite Electronic 676,Pro Sport 929,12
Lite Electronic 676,Smart Electronic 508,12
Lite Sport 575,Air Electronic 501,12
Lite Sport 575,Plus Beauty 317,12
Lite Sport 575,Pro Sport 172,12
Lite Sport 575,Smart Sport 551,12
Lite Sport 575,Ultra Electronic 751,12
Lite Sport 575,Ultra Home 712,12
Max Beauty 502,Air Beauty 272,12
Max Beauty 502,Air Clothing 414,12
Max Beauty 502,Eco Electronic 569,12
Max Beauty 502,Eco Home 932,12
Max Beauty 502,Lite Clothing 598,12
Max Beauty 502,Prime Beauty 422,12
Max Beauty 502,Pro Home 372,12
Max Beauty 502,Pro Home 680,12
Max Beauty 502,Pro Sport 237,12
Max Beauty 502,Smart Sport 551,12
Max Beauty 502,Ultra Electronic 751,12
Max Beauty 527,Pro Clothing 375,12
Max Beauty 527,Pro Home 787,12
Max Beauty 563,Classic Beauty 141,12
Max Beauty 563,Lite Electronic 676,12
Max Beauty 563,Lite Sport 575,12
Max Beauty 563,Prime Clothing 431,12
Max Beauty 563,Smart Electronic 320,12
Max Beauty 563,Smart Sport 551,12
Max Beauty 601,Air Electronic 501,12
Max Beauty 601,Prime Beauty 722,12
Max Beauty 601,Pro Electronic 258,12
Max Beauty 601,Pro Sport 172,12
Max Beauty 601,Pro Sport 929,12
Max Beauty 601,Smart Electronic 320,12
Max Beauty 601,Smart Electronic 508,12
Max Beauty 601,Smart Sport 551,12
Max Beauty 601,Ultra Home 239,12
Max Clothing 324,Plus Beauty 317,12
Max Clothing 324,Prime Beauty 422,12
Max Clothing 324,Pro Electronic 258,12
Max Clothing 324,Ultra Home 239,12
Max Home 467,Eco Home 932,12
Max Home 467,Pro Electronic 689,12
Max Sport 863,Air Beauty 703,12
Max Sport 863,Air Electronic 501,12
Max Sport 863,Classic Beauty 141,12
Max Sport 863,Classic Clothing 993,12
Max Sport 863,Max Beauty 527,12
Max Sport 863,Prime Electronic 245,12
Max Sport 863,Prime Home 651,12
Max Sport 863,Pro Sport 633,12
Max Sport 863,Ultra Electronic 109,12
Max Sport 863,Ultra Home 712,12
Plus Beauty 317,Smart Electronic 508,12
Plus Beauty 317,Ultra Home 239,12
Plus Beauty 680,Classic Clothing 301,12
Plus Beauty 680,Eco Electronic 569,12
Plus Beauty 680,Lite Beauty 630,12
Plus Beauty 680,Max Beauty 601,12
Plus Beauty 680,Prime Beauty 722,12
Plus Beauty 680,Pro Home 372,12
Plus Beauty 680,Pro Sport 376,12
Plus Electronic 589,Classic Beauty 122,12
Plus Electronic 589,Max Clothing 112,12
Plus Electronic 589,Prime Sport 501,12
Plus Electronic 767,Air Beauty 703,12
Plus Electronic 767,Air Electronic 501,12
Plus Electronic 767,Air Sport 872,12
Plus Electronic 767,Plus Electronic 589,12
Plus Electronic 767,Prime Beauty 657,12
Plus Sport 785,Prime Clothing 431,12
Prime Beauty 422,Classic Electronic 756,12
Prime Beauty 422,Pro Electronic 648,12
Prime Beauty 422,Ultra Sport 633,12
Prime Beauty 491,Air Sport 417,12
Prime Beauty 491,Plus Electronic 589,12
Prime Beauty 491,Pro Electronic 689,12
Prime Beauty 491,Smart Home 444,12
Prime Beauty 491,Smart Sport 551,12
Prime Beauty 491,Ultra Electronic 751,12
Prime Beauty 491,Ultra Home 239,12
Prime Beauty 491,Ultra Home 712,12
Prime Beauty 657,Air Beauty 272,12
Prime Beauty 657,Air Electronic 501,12
Prime Beauty 657,Air Sport 872,12
Prime Beauty 657,Classic Beauty 574,12
Prime Beauty 657,Prime Beauty 422,12
Prime Beauty 657,Prime Clothing 431,12
Prime Beauty 657,Prime Sport 501,12
Prime Beauty 657,Pro Sport 237,12
Prime Beauty 722,Pro Sport 237,12
Prime Beauty 722,Smart Electronic 508,12
Prime Clothing 431,Ultra Sport 633,12
Prime Electronic 245,Pro Home 372,12
Prime Electronic 245,Pro Home 787,12
Prime Home 651,Max Beauty 527,12
Prime Home 651,Plus Electronic 589,12
Prime Home 651,Smart Electronic 508,12
Pro Beauty 133,Lite Sport 575,12
Pro Beauty 133,Max Home 467,12
Pro Beauty 133,Prime Beauty 722,12
Pro Beauty 133,Prime Home 651,12
Pro Beauty 133,Smart Sport 551,12
Pro Beauty 200,Air Beauty 677,12
Pro Beauty 200,Classic Beauty 122,12
Pro Beauty 200,Max Beauty 527,12
Pro Beauty 200,Max Beauty 601,12
Pro Beauty 200,Plus Sport 785,12
Pro Beauty 200,Prime Clothing 431,12
Pro Beauty 200,Prime Electronic 245,12
Pro Beauty 200,Pro Home 787,12
Pro Electronic 258,Classic Clothing 301,12
Pro Electronic 258,Plus Sport 785,12
Pro Electronic 258,Prime Beauty 722,12
Pro Electronic 258,Prime Home 651,12
Pro Electronic 258,Smart Sport 551,12
Pro Electronic 648,Air Sport 872,12
Pro Electronic 648,Classic Electronic 756,12
Pro Electronic 648,Prime Sport 501,12
Pro Electronic 648,Pro Sport 237,12
Pro Electronic 689,Classic Beauty 122,12
Pro Electronic 689,Prime Beauty 722,12
Pro Electronic 689,Smart Sport 551,12
Pro Electronic 689,Ultra Home 712,12
Pro Home 372,Classic Electronic 756,12
Pro Home 372,Plus Electronic 589,12
Pro Home 680,Classic Electronic 756,12
Pro Home 680,Lite Electronic 676,12
Pro Home 680,Lite Sport 575,12
Pro Home 680,Max Home 467,12
Pro Home 680,Pro Electronic 689,12
Pro Home 680,Pro Home 372,12
Pro Home 680,Smart Electronic 508,12
Pro Home 680,Smart Home 444,12
Pro Sport 172,Classic Beauty 122,12
Pro Sport 172,Eco Home 932,12
Pro Sport 172,Lite Beauty 630,12
Pro Sport 172,Prime Sport 501,12
Pro Sport 237,Max Clothing 112,12
Pro Sport 237,Pro Home 787,12
Pro Sport 376,Plus Electronic 767,12
Pro Sport 376,Prime Beauty 491,12
Pro Sport 376,Pro Electronic 689,12
Pro Sport 376,Smart Sport 551,12
Pro Sport 929,Classic Clothing 301,12
Pro Sport 929,Max Beauty 527,12
Pro Sport 929,Plus Sport 785,12
Pro Sport 929,Smart Home 444,12
Smart Clothing 931,Air Electronic 501,12
Smart Clothing 931,Air Electronic 748,12
Smart Clothing 931,Classic Beauty 141,12
Smart Clothing 931,Eco Sport 817,12
Smart Clothing 931,Plus Beauty 317,12
Smart Electronic 320,Air Sport 417,12
Smart Electronic 852,Air Beauty 677,12
Smart Electronic 852,Air Clothing 414,12
Smart Electronic 852,Classic Clothing 993,12
Smart Electronic 852,Lite Sport 575,12
Smart Electronic 852,Max Beauty 527,12
Smart Electronic 852,Max Beauty 563,12
Smart Electronic 852,Max Clothing 324,12
Smart Electronic 852,Max Sport 863,12
Smart Electronic 852,Pro Beauty 200,12
Smart Electronic 852,Pro Electronic 258,12
Smart Electronic 852,Pro Home 372,12
Smart Electronic 852,Pro Sport 237,12
Smart Home 444,Classic Clothing 301,12
Smart Home 444,Eco Electronic 569,12
Smart Home 444,Eco Home 932,12
Smart Home 444,Plus Electronic 589,12
Smart Home 444,Prime Clothing 431,12
Smart Home 444,Prime Electronic 245,12
Smart Home 444,Prime Home 651,12
Smart Home 444,Pro Clothing 375,12
Smart Home 444,Pro Home 787,12
Smart Home 444,Pro Sport 633,12
Smart Home 444,Ultra Electronic 751,12
Smart Sport 551,Classic Beauty 122,12
Smart Sport 551,Prime Sport 501,12
Ultra Clothing 180,Air Clothing 414,12
Ultra Clothing 180,Air Electronic 501,12
Ultra Clothing 180,Classic Home 128,12
Ultra Clothing 180,Max Beauty 601,12
Ultra Clothing 180,Max Home 467,12
Ultra Clothing 180,Plus Electronic 767,12
Ultra Clothing 180,Pro Electronic 648,12
Ultra Clothing 180,Pro Electronic 689,12
Ultra Electronic 109,Smart Sport 551,12
Ultra Electronic 178,Classic Beauty 321,12
Ultra Electronic 178,Plus Sport 785,12
Ultra Electronic 178,Pro Sport 633,12
Ultra Electronic 751,Max Beauty 527,12
Ultra Electronic 751,Plus Sport 785,12
Ultra Electronic 751,Pro Clothing 375,12
Ultra Electronic 751,Pro Electronic 648,12
Ultra Electronic 751,Pro Sport 237,12
Ultra Electronic 751,Smart Electronic 508,12
Ultra Home 239,Air Beauty 272,12
Ultra Home 239,Classic Beauty 122,12
Ultra Home 239,Prime Clothing 431,12
Ultra Home 239,Pro Electronic 648,12
Ultra Home 239,Pro Home 372,12
Ultra Home 239,Smart Sport 551,12
Ultra Home 239,Ultra Home 712,12
Ultra Sport 226,Air Clothing 414,12
Ultra Sport 226,Max Clothing 112,12
Ultra Sport 226,Prime Home 651,12
Ultra Sport 226,Pro Sport 633,12
Ultra Sport 226,Smart Home 444,12
Ultra Sport 226,Ultra Sport 633,12
Ultra Sport 633,Air Sport 417,12
Ultra Sport 633,Classic Beauty 122,12
Ultra Sport 633,Pro Clothing 375,12
Ultra Sport 633,Pro Home 787,12
Air Beauty 272,Classic Beauty 122,11
Air Beauty 272,Classic Electronic 756,11
Air Beauty 272,Max Beauty 527,11
Air Beauty 272,Prime Clothing 431,11
Air Beauty 272,Smart Electronic 508,11
Air Beauty 677,Classic Home 128,11
Air Beauty 677,Eco Home 932,11
Air Beauty 677,Eco Sport 817,11
Air Beauty 677,Max Beauty 601,11
Air Beauty 677,Max Clothing 324,11
Air Beauty 677,Pro Home 787,11
Air Beauty 703,Pro Clothing 375,11
Air Beauty 703,Pro Home 787,11
Air Clothing 414,Classic Beauty 122,11
Air Clothing 414,Classic Beauty 574,11
Air Clothing 414,Classic Clothing 993,11
Air Clothing 414,Eco Home 932,11
Air Clothing 414,Plus Beauty 317,11
Air Clothing 414,Prime Beauty 722,11
Air Clothing 414,Pro Sport 929,11
Air Clothing 842,Classic Electronic 621,11
Air Clothing 842,Max Sport 863,11
Air Clothing 842,Plus Beauty 680,11
Air Clothing 842,Pro Beauty 133,11
Air Clothing 842,Pro Home 787,11
Air Clothing 842,Pro Sport 929,11
Air Clothing 842,Ultra Home 239,11
Air Electronic 501,Air Beauty 703,11
Air Electronic 501,Pro Sport 929,11
Air Electronic 501,Ultra Electronic 109,11
Air Electronic 501,Ultra Home 712,11
Air Electronic 748,Classic Clothing 301,11
Air Electronic 748,Prime Clothing 431,11
Air Electronic 748,Pro Home 787,11
Air Electronic 748,Smart Electronic 508,11
Air Electronic 748,Ultra Sport 633,11
Air Sport 417,Max Clothing 112,11
Air Sport 417,Smart Electronic 508,11
Air Sport 872,Prime Sport 501,11
Air Sport 872,Pro Home 787,11
Classic Beauty 122,Max Clothing 112,11
Classic Beauty 141,Max Clothing 112,11
Classic Beauty 141,Pro Clothing 375,11
Classic Beauty 321,Air Sport 417,11
Classic Beauty 321,Air Sport 872,11
Classic Beauty 321,Classic Beauty 141,11
Classic Beauty 321,Classic Clothing 993,11
Classic Beauty 321,Max Home 467,11
Classic Beauty 321,Prime Beauty 657,11
Classic Beauty 321,Pro Home 787,11
Classic Beauty 321,Pro Sport 633,11
Classic Beauty 574,Pro Home 787,11
Classic Beauty 574,Ultra Home 239,11
Classic Clothing 301,Air Beauty 703,11
Classic Clothing 301,Air Sport 872,11
Classic Clothing 301,Max Beauty 527,11
Classic Clothing 301,Plus Electronic 589,11
Classic Clothing 301,Prime Home 651,11
Classic Clothing 301,Pro Clothing 375,11
Classic Clothing 301,Pro Home 787,11
Classic Clothing 301,Pro Sport 237,11
Classic Clothing 993,Eco Sport 817,11
Classic Clothing 993,Pro Sport 929,11
Classic Electronic 376,Air Beauty 703,11
Classic Electronic 376,Air Electronic 748,11
Classic Electronic 376,Classic Clothing 993,11
Classic Electronic 376,Classic Electronic 756,11
Classic Electronic 376,Eco Clothing 969,11
Classic Electronic 376,Lite Beauty 630,11
Classic Electronic 376,Max Beauty 601,11
Classic Electronic 376,Plus Beauty 317,11
Classic Electronic 376,Prime Sport 501,11
Classic Electronic 376,Pro Beauty 133,11
Classic Electronic 376,Pro Home 680,11
Classic Electronic 376,Pro Sport 929,11
Classic Electronic 376,Smart Electronic 508,11
Classic Electronic 621,Classic Beauty 321,11
Classic Electronic 621,Classic Home 128,11
Classic Electronic 621,Lite Electronic 676,11
Classic Electronic 621,Max Beauty 563,11
Classic Electronic 621,Max Sport 863,11
Classic Electronic 621,Prime Beauty 491,11
Classic Electronic 621,Prime Clothing 431,11
Classic Electronic 621,Prime Sport 501,11
Classic Electronic 621,Pro Clothing 375,11
Classic Electronic 621,Smart Electronic 508,11
Classic Electronic 756,Air Beauty 703,11
Classic Electronic 756,Air Sport 872,11
Classic Electronic 756,Max Beauty 527,11
Classic Electronic 756,Pro Clothing 375,11
Classic Home 128,Max Beauty 527,11
Classic Home 128,Plus Beauty 317,11
Classic Home 128,Pro Home 787,11
Eco Clothing 969,Air Beauty 272,11
Eco Clothing 969,Plus Electronic 589,11
Eco Clothing 969,Plus Sport 785,11
Eco Clothing 969,Prime Clothing 431,11
Eco Clothing 969,Pro Sport 237,11
Eco Clothing 969,Smart Home 444,11
Eco Clothing 969,Ultra Electronic 109,11
Eco Clothing 969,Ultra Electronic 751,11
Eco Clothing 969,Ultra Home 712,11
Eco Electronic 569,Pro Clothing 375,11
Eco Electronic 603,Air Sport 417,11
Eco Electronic 603,Air Sport 872,11
Eco Electronic 603,Plus Sport 785,11
Eco Electronic 603,Prime Home 651,11
Eco Electronic 603,Pro Sport 237,11
Eco Electronic 603,Smart Electronic 320,11
Eco Electronic 603,Smart Electronic 508,11
Eco Electronic 713,Classic Beauty 574,11
Eco Electronic 713,Classic Clothing 301,11
Eco Electronic 713,Eco Home 932,11
Eco Electronic 713,Pro Beauty 133,11
Eco Electronic 713,Pro Sport 633,11
Eco Electronic 713,Pro Sport 929,11
Eco Electronic 713,Smart Electronic 320,11
Eco Home 262,Air Beauty 272,11
Eco Home 262,Air Electronic 501,11
Eco Home 262,Air Electronic 748,11
Eco Home 262,Classic Beauty 574,11
Eco Home 262,Eco Clothing 969,11
Eco Home 262,Lite Beauty 630,11
Eco Home 262,Max Sport 863,11
Eco Home 262,Pro Sport 929,11
Eco Home 262,Ultra Home 712,11
Eco Home 262,Ultra Sport 633,11
Eco Home 932,Prime Beauty 722,11
Eco Sport 817,Air Beauty 272,11
Eco Sport 817,Air Beauty 703,11
Eco Sport 817,Air Sport 872,11
Eco Sport 817,Pro Sport 633,11
Eco Sport 817,Smart Electronic 508,11
Lite Beauty 478,Air Beauty 703,11
Lite Beauty 478,Air Clothing 414,11
Lite Beauty 478,Eco Home 262,11
Lite Beauty 478,Lite Beauty 630,11
Lite Beauty 478,Plus Electronic 767,11
Lite Beauty 478,Pro Beauty 200,11
Lite Beauty 478,Pro Home 787,11
Lite Beauty 630,Air Sport 417,11
Lite Beauty 630,Eco Electronic 569,11
Lite Clothing 598,Air Beauty 677,11
Lite Clothing 598,Air Electronic 748,11
Lite Clothing 598,Eco Electronic 569,11
Lite Clothing 598,Prime Clothing 431,11
Lite Clothing 598,Prime Sport 501,11
Lite Clothing 598,Pro Electronic 689,11
Lite Clothing 598,Smart Sport 551,11
Lite Electronic 676,Eco Electronic 569,11
Lite Electronic 676,Lite Beauty 630,11
Lite Electronic 676,Max Sport 863,11
Lite Electronic 676,Prime Sport 501,11
Lite Electronic 676,Pro Sport 237,11
Lite Electronic 676,Ultra Electronic 109,11
Lite Electronic 676,Ultra Home 712,11
Lite Sport 575,Air Sport 872,11
Lite Sport 575,Eco Electronic 603,11
Lite Sport 575,Plus Sport 785,11
Lite Sport 575,Prime Electronic 245,11
Lite Sport 575,Prime Sport 501,11
Lite Sport 575,Pro Electronic 258,11
Lite Sport 575,Pro Electronic 648,11
Lite Sport 575,Pro Home 372,11
Max Beauty 502,Air Beauty 677,11
Max Beauty 502,Classic Clothing 301,11
Max Beauty 502,Eco Electronic 713,11
Max Beauty 502,Max Beauty 563,11
Max Beauty 502,Plus Beauty 317,11
Max Beauty 502,Prime Home 651,11
Max Beauty 502,Pro Sport 633,11
Max Beauty 502,Smart Electronic 320,11
Max Beauty 527,Smart Electronic 508,11
Max Beauty 563,Air Electronic 501,11
Max Beauty 563,Classic Beauty 122,11
Max Beauty 563,Lite Beauty 630,11
Max Beauty 563,Max Home 467,11
Max Beauty 563,Plus Electronic 589,11
Max Beauty 563,Prime Electronic 245,11
Max Beauty 563,Pro Electronic 689,11
Max Beauty 563,Pro Sport 633,11
Max Beauty 563,Smart Electronic 508,11
Max Beauty 563,Ultra Electronic 751,11
Max Beauty 563,Ultra Home 239,11
Max Beauty 563,Ultra Sport 633,11
Max Beauty 601,Air Beauty 272,11
Max Beauty 601,Classic Clothing 993,11
Max Beauty 601,Eco Sport 817,11
Max Beauty 601,Plus Electronic 589,11
Max Beauty 601,Ultra Sport 633,11
Max Clothing 324,Eco Home 932,11
Max Clothing 324,Max Beauty 527,11
Max Clothing 324,Plus Electronic 589,11
Max Clothing 324,Pro Sport 237,11
Max Clothing 324,Pro Sport 633,11
Max Clothing 324,Smart Sport 551,11
Max Clothing 324,Ultra Sport 633,11
Max Home 467,Classic Beauty 122,11
Max Home 467,Classic Electronic 756,11
Max Home 467,Plus Sport 785,11
Max Home 467,Prime Clothing 431,11
Max Home 467,Prime Sport 501,11
Max Home 467,Pro Electronic 258,11
Max Home 467,Pro Sport 237,11
Max Sport 863,Classic Beauty 574,11
Max Sport 863,Classic Clothing 301,11
Max Sport 863,Pro Sport 172,11
Plus Beauty 317,Air Sport 417,11
Plus Beauty 317,Eco Electronic 603,11
Plus Beauty 317,Lite Beauty 630,11
Plus Beauty 680,Air Electronic 748,11
Plus Beauty 680,Classic Beauty 574,11
Plus Beauty 680,Classic Home 128,11
Plus Beauty 680,Eco Clothing 969,11
Plus Beauty 680,Prime Beauty 491,11
Plus Beauty 680,Pro Home 680,11
Plus Beauty 680,Smart Home 444,11
Plus Electronic 589,Air Sport 417,11
Plus Electronic 589,Air Sport 872,11
Plus Electronic 589,Prime Clothing 431,11
Plus Electronic 589,Pro Clothing 375,11
Plus Electronic 767,Pro Beauty 133,11
Plus Electronic 767,Pro Sport 172,11
Plus Electronic 767,Smart Electronic 508,11
Plus Electronic 767,Ultra Sport 633,11
Plus Sport 785,Air Beauty 272,11
Plus Sport 785,Max Beauty 527,11
Prime Beauty 422,Air Beauty 272,11
Prime Beauty 491,Lite Sport 575,11
Prime Beauty 491,Max Clothing 324,11
Prime Beauty 491,Pro Home 680,11
Prime Beauty 657,Air Beauty 703,11
Prime Beauty 657,Lite Beauty 630,11
Prime Beauty 657,Lite Electronic 676,11
Prime Beauty 657,Max Beauty 601,11
Prime Beauty 657,Max Clothing 112,11
Prime Beauty 657,Pro Home 787,11
Prime Beauty 657,Smart Sport 551,11
Prime Beauty 722,Air Beauty 703,11
Prime Beauty 722,Eco Electronic 569,11
Prime Clothing 431,Prime Sport 501,11
Prime Clothing 431,Pro Sport 237,11
Prime Clothing 431,Pro Sport 633,11
Prime Electronic 245,Air Sport 417,11
Prime Home 651,Prime Sport 501,11
Prime Home 651,Pro Home 787,11
Prime Home 651,Pro Sport 237,11
Prime Home 651,Smart Sport 551,11
Prime Sport 501,Air Sport 417,11
Prime Sport 501,Max Clothing 112,11
Pro Beauty 133,Air Clothing 414,11
Pro Beauty 133,Lite Electronic 676,11
Pro Beauty 133,Max Clothing 112,11
Pro Beauty 133,Prime Sport 501,11
Pro Beauty 133,Pro Home 680,11
Pro Beauty 200,Classic Beauty 574,11
Pro Beauty 200,Max Clothing 112,11
Pro Beauty 200,Plus Electronic 589,11
Pro Beauty 200,Plus Electronic 767,11
Pro Beauty 200,Pro Beauty 133,11
Pro Beauty 200,Pro Sport 633,11
Pro Beauty 200,Smart Electronic 508,11
Pro Beauty 200,Ultra Electronic 109,11
Pro Clothing 375,Max Clothing 112,11
Pro Electronic 258,Pro Electronic 648,11
Pro Electronic 258,Ultra Electronic 109,11
Pro Electronic 648,Lite Beauty 630,11
Pro Electronic 648,Prime Home 651,11
Pro Electronic 689,Air Sport 872,11
Pro Electronic 689,Classic Electronic 756,11
Pro Electronic 689,Lite Beauty 630,11
Pro Electronic 689,Smart Home 444,11
Pro Electronic 689,Ultra Electronic 751,11
Pro Home 372,Eco Electronic 569,11
Pro Home 680,Air Clothing 414,11
Pro Home 680,Classic Beauty 122,11
Pro Home 680,Eco Electronic 603,11
Pro Home 680,Eco Home 932,11
Pro Home 680,Lite Beauty 630,11
Pro Home 680,Plus Electronic 589,11
Pro Home 680,Prime Beauty 722,11
Pro Home 680,Prime Electronic 245,11
Pro Sport 172,Prime Clothing 431,11
Pro Sport 172,Pro Electronic 689,11
Pro Sport 237,Eco Electronic 569,11
Pro Sport 237,Smart Electronic 508,11
Pro Sport 376,Air Clothing 414,11
Pro Sport 376,Air Sport 417,11
Pro Sport 376,Classic Beauty 574,11
Pro Sport 376,Eco Sport 817,11
Pro Sport 929,Classic Beauty 122,11
Pro Sport 929,Classic Beauty 141,11
Pro Sport 929,Prime Beauty 722,11
Pro Sport 929,Pro Clothing 375,11
Pro Sport 929,Ultra Home 239,11
Smart Clothing 931,Air Beauty 703,11
Smart Clothing 931,Classic Clothing 301,11
Smart Clothing 931,Classic Clothing 993,11
Smart Clothing 931,Max Clothing 112,11
Smart Clothing 931,Pro Electronic 648,11
Smart Clothing 931,Ultra Electronic 109,11
Smart Electronic 320,Max Clothing 112,11
Smart Electronic 320,Prime Clothing 431,11
Smart Electronic 320,Prime Sport 501,11
Smart Electronic 508,Eco Electronic 569,11
Smart Electronic 508,Max Clothing 112,11
Smart Electronic 508,Pro Home 787,11
Smart Electronic 852,Classic Beauty 122,11
Smart Electronic 852,Classic Electronic 756,11
Smart Electronic 852,Eco Sport 817,11
Smart Electronic 852,Plus Electronic 589,11
Smart Electronic 852,Prime Beauty 722,11
Smart Electronic 852,Pro Clothing 375,11
Smart Electronic 852,Pro Home 680,11
Smart Electronic 852,Pro Sport 376,11
Smart Electronic 852,Ultra Home 239,11
Smart Home 444,Classic Beauty 141,11
Smart Home 444,Eco Electronic 603,11
Smart Home 444,Pro Sport 237,11
Smart Home 444,Ultra Home 712,11
Smart Sport 551,Plus Electronic 589,11
Smart Sport 551,Pro Clothing 375,11
Ultra Clothing 180,Classic Clothing 301,11
Ultra Clothing 180,Eco Electronic 569,11
Ultra Clothing 180,Eco Home 262,11
Ultra Clothing 180,Pro Beauty 133,11
Ultra Clothing 180,Pro Clothing 375,11
Ultra Clothing 180,Pro Home 680,11
Ultra Clothing 180,Smart Electronic 508,11
Ultra Clothing 180,Ultra Electronic 109,11
Ultra Electronic 109,Classic Clothing 301,11
Ultra Electronic 109,Eco Electronic 603,11
Ultra Electronic 109,Plus Sport 785,11
Ultra Electronic 109,Pro Sport 237,11
Ultra Electronic 109,Smart Electronic 320,11
Ultra Electronic 178,Classic Clothing 301,11
Ultra Electronic 178,Classic Electronic 756,11
Ultra Electronic 178,Classic Home 128,11
Ultra Electronic 178,Prime Beauty 491,11
Ultra Electronic 178,Prime Electronic 245,11
Ultra Electronic 178,Pro Beauty 133,11
Ultra Electronic 178,Pro Sport 929,11
Ultra Electronic 178,Smart Electronic 508,11
Ultra Electronic 751,Air Sport 417,11
Ultra Electronic 751,Plus Electronic 589,11
Ultra Electronic 751,Prime Home 651,11
Ultra Electronic 751,Smart Electronic 320,11
Ultra Electronic 751,Ultra Sport 633,11
Ultra Home 239,Air Sport 872,11
Ultra Home 239,Classic Electronic 756,11
Ultra Home 239,Max Beauty 527,11
Ultra Home 239,Pro Home 787,11
Ultra Home 239,Smart Electronic 508,11
Ultra Home 239,Ultra Electronic 751,11
Ultra Home 239,Ultra Sport 633,11
Ultra Home 712,Air Sport 417,11
Ultra Home 712,Classic Clothing 301,11
Ultra Sport 226,Air Beauty 677,11
Ultra Sport 226,Classic Beauty 122,11
Ultra Sport 226,Lite Beauty 478,11
Ultra Sport 226,Max Beauty 502,11
Ultra Sport 226,Pro Beauty 200,11
Ultra Sport 226,Pro Home 372,11
Ultra Sport 226,Pro Sport 237,11
Ultra Sport 226,Pro Sport 376,11
Ultra Sport 226,Ultra Clothing 180,11
Ultra Sport 226,Ultra Electronic 109,11
Ultra Sport 226,Ultra Home 712,11
Air Beauty 272,Air Sport 872,10
Air Beauty 272,Prime Beauty 722,10
Air Beauty 272,Pro Sport 237,10
Air Beauty 677,Air Electronic 501,10
Air Beauty 677,Classic Clothing 993,10
Air Beauty 677,Max Home 467,10
Air Beauty 677,Max Sport 863,10
Air Beauty 677,Plus Electronic 589,10
Air Beauty 677,Prime Clothing 431,10
Air Beauty 677,Pro Electronic 258,10
Air Clothing 414,Eco Electronic 569,10
Air Clothing 414,Pro Electronic 258,10
Air Clothing 414,Pro Home 787,10
Air Clothing 842,Air Clothing 414,10
Air Clothing 842,Classic Beauty 574,10
Air Clothing 842,Eco Home 932,10
Air Clothing 842,Prime Beauty 422,10
Air Clothing 842,Prime Beauty 722,10
Air Clothing 842,Prime Electronic 245,10
Air Clothing 842,Prime Home 651,10
Air Clothing 842,Prime Sport 501,10
Air Clothing 842,Pro Electronic 258,10
Air Clothing 842,Pro Home 372,10
Air Clothing 842,Ultra Electronic 178,10
Air Electronic 501,Air Sport 417,10
Air Electronic 501,Air Sport 872,10
Air Electronic 501,Eco Electronic 569,10
Air Electronic 501,Plus Sport 785,10
Air Electronic 501,Prime Clothing 431,10
Air Electronic 748,Air Electronic 501,10
Air Electronic 748,Pro Electronic 258,10
Air Electronic 748,Pro Electronic 689,10
Air Sport 872,Eco Electronic 569,10
Air Sport 872,Pro Clothing 375,10
Classic Beauty 141,Air Beauty 703,10
Classic Beauty 141,Classic Electronic 756,10
Classic Beauty 141,Max Beauty 527,10
Classic Beauty 141,Plus Electronic 589,10
Classic Beauty 141,Prime Home 651,10
Classic Beauty 141,Smart Electronic 508,10
Classic Beauty 321,Lite Clothing 598,10
Classic Beauty 321,Max Beauty 527,10
Classic Beauty 321,Max Beauty 563,10
Classic Beauty 321,Prime Electronic 245,10
Classic Beauty 321,Pro Beauty 133,10
Classic Beauty 574,Max Beauty 527,10
Classic Beauty 574,Prime Home 651,10
Classic Beauty 574,Pro Sport 237,10
Classic Beauty 574,Ultra Electronic 109,10
Classic Beauty 574,Ultra Electronic 751,10
Classic Clothing 301,Classic Electronic 756,10
Classic Clothing 301,Prime Clothing 431,10
Classic Clothing 993,Classic Beauty 141,10
Classic Clothing 993,Classic Beauty 574,10
Classic Clothing 993,Plus Electronic 589,10
Classic Clothing 993,Prime Electronic 245,10
Classic Clothing 993,Prime Home 651,10
Classic Clothing 993,Smart Electronic 320,10
Classic Clothing 993,Ultra Electronic 109,10
Classic Clothing 993,Ultra Home 239,10
Classic Clothing 993,Ultra Home 712,10
Classic Electronic 376,Air Sport 417,10
Classic Electronic 376,Air Sport 872,10
Classic Electronic 376,Classic Beauty 321,10
Classic Electronic 376,Classic Home 128,10
Classic Electronic 376,Eco Home 262,10
Classic Electronic 376,Eco Sport 817,10
Classic Electronic 376,Max Clothing 112,10
Classic Electronic 376,Prime Clothing 431,10
Classic Electronic 376,Pro Sport 237,10
Classic Electronic 376,Ultra Home 239,10
Classic Electronic 621,Air Sport 872,10
Classic Electronic 621,Classic Beauty 574,10
Classic Electronic 621,Classic Clothing 301,10
Classic Electronic 621,Eco Electronic 569,10
Classic Electronic 621,Eco Home 262,10
Classic Electronic 621,Plus Electronic 767,10
Classic Electronic 621,Prime Beauty 722,10
Classic Electronic 621,Pro Beauty 200,10
Classic Electronic 621,Pro Electronic 258,10
Classic Electronic 621,Pro Home 680,10
Classic Electronic 621,Ultra Home 239,10
Classic Electronic 756,Pro Sport 237,10
Classic Home 128,Air Beauty 272,10
Classic Home 128,Air Beauty 703,10
Classic Home 128,Air Sport 417,10
Classic Home 128,Classic Beauty 122,10
Classic Home 128,Lite Electronic 676,10
Classic Home 128,Max Clothing 112,10
Classic Home 128,Pro Sport 237,10
Classic Home 128,Pro Sport 633,10
Classic Home 128,Smart Home 444,10
Eco Clothing 969,Classic Beauty 122,10
Eco Clothing 969,Eco Home 932,10
Eco Clothing 969,Max Clothing 324,10
Eco Clothing 969,Max Sport 863,10
Eco Electronic 603,Classic Beauty 122,10
Eco Electronic 603,Plus Electronic 589,10
Eco Electronic 603,Prime Clothing 431,10
Eco Electronic 603,Prime Electronic 245,10
Eco Electronic 713,Air Sport 872,10
Eco Electronic 713,Classic Electronic 756,10
Eco Electronic 713,Lite Sport 575,10
Eco Electronic 713,Max Beauty 563,10
Eco Electronic 713,Plus Beauty 317,10
Eco Electronic 713,Prime Beauty 491,10
Eco Electronic 713,Pro Clothing 375,10
Eco Electronic 713,Pro Home 372,10
Eco Electronic 713,Pro Sport 172,10
Eco Home 262,Air Beauty 703,10
Eco Home 262,Classic Electronic 756,10
Eco Home 262,Prime Electronic 245,10
Eco Home 262,Prime Sport 501,10
Eco Home 932,Air Sport 417,10
Eco Home 932,Classic Beauty 122,10
Eco Home 932,Plus Electronic 589,10
Eco Home 932,Prime Home 651,10
Eco Home 932,Pro Clothing 375,10
Eco Home 932,Pro Home 372,10
Eco Sport 817,Pro Electronic 258,10
Eco Sport 817,Pro Home 372,10
Eco Sport 817,Pro Sport 237,10
Lite Beauty 478,Classic Home 128,10
Lite Beauty 478,Lite Electronic 676,10
Lite Beauty 478,Max Home 467,10
Lite Beauty 478,Prime Beauty 491,10
Lite Beauty 478,Smart Home 444,10
Lite Clothing 598,Air Beauty 703,10
Lite Clothing 598,Classic Clothing 301,10
Lite Clothing 598,Eco Electronic 603,10
Lite Clothing 598,Eco Electronic 713,10
Lite Clothing 598,Eco Sport 817,10
Lite Clothing 598,Max Clothing 324,10
Lite Clothing 598,Max Sport 863,10
Lite Clothing 598,Plus Sport 785,10
Lite Clothing 598,Pro Clothing 375,10
Lite Clothing 598,Pro Sport 237,10
Lite Clothing 598,Pro Sport 929,10
Lite Clothing 598,Ultra Sport 633,10
Lite Electronic 676,Air Clothing 414,10
Lite Electronic 676,Classic Beauty 122,10
Lite Electronic 676,Max Clothing 324,10
Lite Electronic 676,Plus Electronic 589,10
Lite Electronic 676,Pro Electronic 648,10
Lite Electronic 676,Smart Home 444,10
Lite Electronic 676,Ultra Sport 633,10
Lite Sport 575,Classic Beauty 574,10
Lite Sport 575,Classic Clothing 301,10
Lite Sport 575,Eco Electronic 569,10
Lite Sport 575,Max Beauty 527,10
Lite Sport 575,Prime Home 651,10
Lite Sport 575,Ultra Electronic 109,10
Max Beauty 502,Eco Home 262,10
Max Beauty 502,Lite Beauty 478,10
Max Beauty 502,Plus Beauty 680,10
Max Beauty 502,Pro Beauty 133,10
Max Beauty 502,Pro Sport 376,10
Max Beauty 502,Ultra Electronic 109,10
Max Beauty 527,Air Sport 417,10
Max Beauty 527,Classic Beauty 122,10
Max Beauty 527,Pro Sport 633,10
Max Beauty 563,Eco Clothing 969,10
Max Beauty 563,Max Clothing 324,10
Max Beauty 563,Max Sport 863,10
Max Beauty 563,Prime Beauty 722,10
Max Beauty 563,Prime Home 651,10
Max Beauty 601,Eco Electronic 569,10
Max Beauty 601,Eco Electronic 603,10
Max Beauty 601,Max Beauty 527,10
Max Beauty 601,Max Clothing 324,10
Max Beauty 601,Max Home 467,10
Max Beauty 601,Prime Beauty 422,10
Max Beauty 601,Pro Electronic 689,10
Max Beauty 601,Ultra Home 712,10
Max Clothing 324,Air Electronic 501,10
Max Clothing 324,Classic Beauty 574,10
Max Clothing 324,Prime Clothing 431,10
Max Clothing 324,Prime Home 651,10
Max Home 467,Air Beauty 703,10
Max Home 467,Max Beauty 527,10
Max Home 467,Prime Electronic 245,10
Max Home 467,Smart Home 444,10
Max Sport 863,Air Beauty 272,10
Max Sport 863,Eco Electronic 603,10
Max Sport 863,Lite Beauty 630,10
Max Sport 863,Max Home 467,10
Max Sport 863,Prime Beauty 722,10
Max Sport 863,Pro Electronic 648,10
Max Sport 863,Smart Electronic 508,10
Max Sport 863,Ultra Electronic 751,10
Plus Beauty 317,Classic Electronic 756,10
Plus Beauty 317,Eco Sport 817,10
Plus Beauty 317,Pro Clothing 375,10
Plus Beauty 317,Pro Sport 929,10
Plus Beauty 317,Smart Home 444,10
Plus Beauty 317,Smart Sport 551,10
Plus Beauty 680,Air Beauty 272,10
Plus Beauty 680,Air Beauty 703,10
Plus Beauty 680,Lite Electronic 676,10
Plus Beauty 680,Pro Electronic 648,10
Plus Beauty 680,Pro Home 787,10
Plus Beauty 680,Pro Sport 172,10
Plus Electronic 589,Air Beauty 703,10
Plus Electronic 589,Eco Electronic 569,10
Plus Electronic 589,Pro Home 787,10
Plus Electronic 767,Classic Clothing 993,10
Plus Electronic 767,Eco Clothing 969,10
Plus Electronic 767,Eco Electronic 569,10
Plus Electronic 767,Eco Electronic 603,10
Plus Electronic 767,Max Sport 863,10
Plus Electronic 767,Pro Electronic 689,10
Plus Electronic 767,Pro Home 680,10
Plus Electronic 767,Smart Electronic 320,10
Plus Electronic 767,Smart Sport 551,10
Plus Sport 785,Air Beauty 703,10
Plus Sport 785,Air Sport 417,10
Plus Sport 785,Pro Home 787,10
Plus Sport 785,Pro Sport 237,10
Prime Beauty 422,Lite Beauty 630,10
Prime Beauty 422,Plus Electronic 589,10
Prime Beauty 422,Prime Electronic 245,10
Prime Beauty 422,Pro Home 787,10
Prime Beauty 422,Pro Sport 633,10
Prime Beauty 491,Air Beauty 677,10
Prime Beauty 491,Classic Clothing 993,10
Prime Beauty 491,Eco Sport 817,10
Prime Beauty 491,Max Home 467,10
Prime Beauty 491,Pro Sport 237,10
Prime Beauty 491,Pro Sport 633,10
Prime Beauty 657,Plus Electronic 589,10
Prime Beauty 657,Prime Home 651,10
Prime Beauty 657,Ultra Electronic 751,10
Prime Beauty 722,Air Sport 417,10
Prime Clothing 431,Air Beauty 703,10
Prime Electronic 245,Eco Electronic 569,10
Prime Electronic 245,Prime Beauty 722,10
Prime Electronic 245,Prime Clothing 431,10
Prime Home 651,Air Sport 417,10
Prime Home 651,Lite Beauty 630,10
Prime Home 651,Max Clothing 112,10
Prime Home 651,Pro Clothing 375,10
Pro Beauty 133,Air Sport 417,10
Pro Beauty 133,Classic Beauty 574,10
Pro Beauty 133,Classic Clothing 301,10
Pro Beauty 133,Classic Clothing 993,10
Pro Beauty 133,Classic Home 128,10
Pro Beauty 133,Eco Sport 817,10
Pro Beauty 133,Max Beauty 527,10
Pro Beauty 133,Prime Beauty 657,10
Pro Beauty 133,Pro Electronic 648,10
Pro Beauty 133,Smart Electronic 508,10
Pro Beauty 200,Classic Electronic 756,10
Pro Beauty 200,Lite Sport 575,10
Pro Beauty 200,Prime Beauty 491,10
Pro Beauty 200,Prime Beauty 722,10
Pro Beauty 200,Pro Sport 172,10
Pro Beauty 200,Pro Sport 237,10
Pro Beauty 200,Smart Sport 551,10
Pro Electronic 258,Air Sport 417,10
Pro Electronic 258,Pro Sport 237,10
Pro Electronic 258,Pro Sport 633,10
Pro Electronic 648,Air Beauty 272,10
Pro Electronic 648,Air Beauty 703,10
Pro Electronic 648,Classic Beauty 122,10
Pro Electronic 648,Plus Electronic 589,10
Pro Electronic 689,Classic Beauty 141,10
Pro Electronic 689,Prime Beauty 422,10
Pro Electronic 689,Prime Electronic 245,10
Pro Electronic 689,Pro Sport 633,10
Pro Electronic 689,Smart Electronic 508,10
Pro Home 372,Prime Sport 501,10
Pro Home 372,Smart Sport 551,10
Pro Home 680,Classic Beauty 141,10
Pro Home 680,Max Sport 863,10
Pro Home 680,Prime Sport 501,10
Pro Home 680,Pro Electronic 648,10
Pro Home 680,Pro Sport 172,10
Pro Home 680,Pro Sport 633,10
Pro Home 680,Ultra Electronic 109,10
Pro Sport 172,Air Sport 417,10
Pro Sport 172,Pro Home 372,10
Pro Sport 172,Smart Home 444,10
Pro Sport 376,Eco Home 932,10
Pro Sport 376,Max Beauty 563,10
Pro Sport 376,Max Clothing 112,10
Pro Sport 376,Max Clothing 324,10
Pro Sport 376,Max Home 467,10
Pro Sport 376,Prime Electronic 245,10
Pro Sport 376,Pro Beauty 133,10
Pro Sport 376,Pro Sport 172,10
Pro Sport 376,Smart Clothing 931,10
Pro Sport 376,Ultra Home 712,10
Pro Sport 929,Air Beauty 272,10
Pro Sport 929,Air Beauty 703,10
Pro Sport 929,Eco Electronic 603,10
Pro Sport 929,Smart Electronic 320,10
Pro Sport 929,Smart Sport 551,10
Pro Sport 929,Ultra Sport 633,10
Smart Clothing 931,Classic Beauty 122,10
Smart Clothing 931,Classic Electronic 756,10
Smart Clothing 931,Lite Sport 575,10
Smart Clothing 931,Prime Beauty 722,10
Smart Clothing 931,Prime Home 651,10
Smart Clothing 931,Ultra Electronic 751,10
Smart Electronic 508,Pro Sport 633,10
Smart Electronic 852,Classic Beauty 574,10
Smart Electronic 852,Eco Clothing 969,10
Smart Electronic 852,Smart Electronic 320,10
Smart Electronic 852,Ultra Electronic 178,10
Smart Home 444,Air Beauty 703,10
Smart Home 444,Air Sport 417,10
Smart Home 444,Smart Electronic 320,10
Smart Home 444,Smart Sport 551,10
Smart Sport 551,Air Sport 417,10
Smart Sport 551,Pro Home 787,10
Smart Sport 551,Pro Sport 633,10
Ultra Clothing 180,Air Electronic 748,10
Ultra Clothing 180,Eco Electronic 713,10
Ultra Clothing 180,Eco Sport 817,10
Ultra Clothing 180,Lite Beauty 630,10
Ultra Clothing 180,Max Clothing 112,10
Ultra Clothing 180,Max Sport 863,10
Ultra Clothing 180,Plus Beauty 317,10
Ultra Clothing 180,Prime Beauty 722,10
Ultra Clothing 180,Prime Clothing 431,10
Ultra Clothing 180,Prime Home 651,10
Ultra Clothing 180,Pro Home 787,10
Ultra Clothing 180,Pro Sport 929,10
Ultra Clothing 180,Smart Home 444,10
Ultra Electronic 109,Air Beauty 272,10
Ultra Electronic 109,Eco Home 932,10
Ultra Electronic 109,Plus Electronic 589,10
Ultra Electronic 109,Prime Electronic 245,10
Ultra Electronic 109,Prime Home 651,10
Ultra Electronic 178,Air Beauty 677,10
Ultra Electronic 178,Air Beauty 703,10
Ultra Electronic 178,Classic Beauty 122,10
Ultra Electronic 178,Max Beauty 527,10
Ultra Electronic 178,Pro Clothing 375,10
Ultra Electronic 178,Pro Home 787,10
Ultra Electronic 178,Smart Electronic 320,10
Ultra Electronic 178,Ultra Electronic 109,10
Ultra Electronic 751,Air Sport 872,10
Ultra Electronic 751,Eco Electronic 569,10
Ultra Electronic 751,Eco Electronic 603,10
Ultra Electronic 751,Lite Beauty 630,10
Ultra Home 239,Eco Electronic 603,10
Ultra Home 239,Plus Electronic 589,10
Ultra Home 239,Smart Home 444,10
Ultra Home 239,Ultra Electronic 109,10
Ultra Home 712,Eco Electronic 603,10
Ultra Home 712,Max Clothing 112,10
Ultra Home 712,Plus Electronic 589,10
Ultra Home 712,Pro Home 372,10
Ultra Home 712,Pro Home 787,10
Ultra Home 712,Pro Sport 633,10
Ultra Home 712,Ultra Electronic 751,10
Ultra Sport 226,Air Sport 872,10
Ultra Sport 226,Classic Beauty 321,10
Ultra Sport 226,Eco Electronic 603,10
Ultra Sport 226,Eco Home 262,10
Ultra Sport 226,Max Beauty 601,10
Ultra Sport 226,Pro Clothing 375,10
Ultra Sport 226,Pro Home 680,10
Ultra Sport 633,Lite Beauty 630,10
Ultra Sport 633,Pro Sport 633,10
Ultra Sport 633,Smart Electronic 508,10
